Date,Open,High,Low,Close,Volume
31.12.2017,1303.088,1303.088,1303.088,1303.088,0
01.01.2018,1303.428,1319.119,1302.689,1318.962,111144435.2
02.01.2018,1318.208,1321.729,1307.688,1313.539,103764455.4
03.01.2018,1313.858,1326.179,1306.108,1322.868,117935024.1
04.01.2018,1323.079,1323.579,1313.852,1319.519,106311379.1
05.01.2018,1319.519,1319.519,1319.519,1319.519,0
06.01.2018,1319.519,1319.519,1319.519,1319.519,0
07.01.2018,1320.978,1322.339,1314.988,1320.619,85954795.24
08.01.2018,1320.669,1320.679,1309.041,1313.852,104639369.5
09.01.2018,1312.748,1327.931,1308.369,1317.079,128177089.6
10.01.2018,1317.039,1324.129,1315.889,1323.491,102413847
11.01.2018,1322.889,1339.562,1321.738,1337.868,105519389.7
12.01.2018,1337.868,1337.868,1337.868,1337.868,0
13.01.2018,1337.868,1337.868,1337.868,1337.868,0
14.01.2018,1337.529,1344.909,1336.259,1340.382,65244650.39
15.01.2018,1340.779,1342.502,1332.062,1338.709,109215070.2
16.01.2018,1338.968,1344.169,1326.389,1326.835,117946320.5
17.01.2018,1327.519,1333.299,1324.392,1327.158,120081803.8
18.01.2018,1327.289,1338.238,1326.659,1332.039,104627239
19.01.2018,1332.039,1332.039,1332.039,1332.039,0
20.01.2018,1332.039,1332.039,1332.039,1332.039,0
21.01.2018,1334.679,1335.891,1328.628,1334.219,95265940.31
22.01.2018,1334.309,1341.989,1331.539,1341.729,109532670
23.01.2018,1342.028,1362.192,1339.689,1359.422,113272193
24.01.2018,1357.928,1366.238,1342.729,1348.382,121869438.9
25.01.2018,1347.799,1357.299,1344.812,1349.882,91846340.66
26.01.2018,1349.882,1349.882,1349.882,1349.882,0
27.01.2018,1349.882,1349.882,1349.882,1349.882,0
28.01.2018,1349.941,1352.589,1337.778,1340.651,74937515.14
29.01.2018,1341.108,1349.05,1334.619,1338.932,111524175.4
30.01.2018,1338.938,1347.742,1332.879,1345.312,100158759.2
31.01.2018,1345.308,1351.179,1337.449,1348.932,94553050.28
01.02.2018,1349.089,1350.259,1327.601,1333.282,99768942.71
02.02.2018,1333.282,1333.282,1333.282,1333.282,0
03.02.2018,1333.282,1333.282,1333.282,1333.282,0
04.02.2018,1332.579,1341.769,1329.171,1339.871,108374364.4
05.02.2018,1340.189,1346.308,1320.378,1324.552,143526589.9
06.02.2018,1324.389,1332.479,1311.572,1318.821,123330550
07.02.2018,1318.208,1322.362,1307.248,1319.042,125657735.5
08.02.2018,1318.599,1322.919,1311.298,1316.462,135469189.7
09.02.2018,1316.462,1316.462,1316.462,1316.462,0
10.02.2018,1316.462,1316.462,1316.462,1316.462,0
11.02.2018,1315.678,1327.001,1314.439,1323.041,80481509.57
12.02.2018,1322.772,1331.212,1321.792,1329.881,94914029.84
13.02.2018,1329.739,1355.682,1318.101,1350.992,108717800.3
14.02.2018,1350.258,1357.282,1348.748,1353.842,103063019.5
15.02.2018,1354.149,1361.912,1344.998,1347.562,104749445.4
16.02.2018,1347.562,1347.562,1347.562,1347.562,0
17.02.2018,1347.562,1347.562,1347.562,1347.562,0
18.02.2018,1348.118,1351.569,1345.961,1346.968,61075990.41
19.02.2018,1346.879,1348.399,1328.642,1329.561,98576394.44
20.02.2018,1329.501,1336.448,1322.598,1325.001,98984470.61
21.02.2018,1324.792,1332.612,1321.148,1332.412,111130684.6
22.02.2018,1331.979,1332.402,1325.999,1329.162,77410003.18
23.02.2018,1329.162,1329.162,1329.162,1329.162,0
24.02.2018,1329.162,1329.162,1329.162,1329.162,0
25.02.2018,1328.838,1341.212,1326.772,1333.732,87678200.01
26.02.2018,1333.532,1336.938,1313.619,1318.622,110504853.5
27.02.2018,1318.041,1322.701,1315.791,1318.541,100733059.3
28.02.2018,1318.479,1321.289,1302.992,1317.302,126819826.1
01.03.2018,1317.619,1325.612,1315.408,1323.042,105984044.8
02.03.2018,1323.042,1323.042,1323.042,1323.042,0
03.03.2018,1323.042,1323.042,1323.042,1323.042,0
04.03.2018,1324.178,1327.961,1317.631,1320.451,115982095.4
05.03.2018,1320.428,1338.659,1320.191,1334.972,131241205.9
06.03.2018,1338.159,1340.779,1322.378,1325.892,127960155
07.03.2018,1325.659,1329.222,1319.199,1322.381,120387399.9
08.03.2018,1322.389,1325.341,1312.951,1323.591,59482800.48
09.03.2018,1323.591,1323.591,1323.591,1323.591,0
10.03.2018,1323.591,1323.591,1323.591,1323.591,0
11.03.2018,1323.728,1324.521,1315.262,1323.239,51475844.32
12.03.2018,1323.332,1328.499,1314.275,1326.579,63047328.77
13.03.2018,1326.531,1330.229,1321.661,1325.029,43108020.07
14.03.2018,1325.022,1328.118,1315.109,1316.409,29480003.94
15.03.2018,1316.931,1321.921,1309.828,1314.538,31562833.93
16.03.2018,1314.538,1314.538,1314.538,1314.538,0
17.03.2018,1314.538,1314.538,1314.538,1314.538,0
18.03.2018,1313.662,1319.801,1307.932,1317.038,29390983.07
19.03.2018,1317.332,1318.502,1307.378,1311.479,25685147.14
20.03.2018,1311.231,1336.822,1310.039,1332.459,34624085.65
21.03.2018,1332.462,1335.089,1324.988,1329.269,36944781.99
22.03.2018,1329.532,1350.402,1329.262,1347.439,40121546.09
23.03.2018,1347.439,1347.439,1347.439,1347.439,0
24.03.2018,1347.439,1347.439,1347.439,1347.439,0
25.03.2018,1347.528,1356.129,1343.668,1354.382,30306025.83
26.03.2018,1354.031,1357,1340.049,1345.128,34460836.02
27.03.2018,1345.742,1347.189,1323.629,1325.179,42114080.73
28.03.2018,1325.072,1328.532,1321.411,1326.265,32508820.24
29.03.2018,1326.265,1326.265,1326.265,1326.265,0
30.03.2018,1326.265,1326.265,1326.265,1326.265,0
31.03.2018,1326.265,1326.265,1326.265,1326.265,0
01.04.2018,1326.328,1345.052,1325.022,1341.587,36851237.92
02.04.2018,1341.242,1342.699,1329.088,1333.028,38467938.9
03.04.2018,1333.232,1348.418,1331.718,1333.429,40718519.99
04.04.2018,1333.182,1335.119,1322.931,1327.08,31201559.13
05.04.2018,1326.742,1335.591,1319.829,1333.659,44449409.84
06.04.2018,1333.659,1333.659,1333.659,1333.659,0
07.04.2018,1333.659,1333.659,1333.659,1333.659,0
08.04.2018,1334.382,1338.172,1327.032,1336.528,40092318.36
09.04.2018,1336.852,1342.779,1331.248,1339.978,38621154.96
10.04.2018,1339.672,1365.26,1339.381,1354.301,50475673.02
11.04.2018,1353.442,1353.442,1333.952,1335.478,46494898.08
12.04.2018,1335.381,1347.302,1333.562,1345.76,37919879.97
13.04.2018,1345.76,1345.76,1345.76,1345.76,0
14.04.2018,1345.76,1345.76,1345.76,1345.76,0
15.04.2018,1346.799,1350.692,1340.348,1345.945,37154911.1
16.04.2018,1346.212,1349.572,1337.839,1347.528,32048315.94
17.04.2018,1348.231,1355.891,1342.501,1349.579,30947194.96
18.04.2018,1350.101,1354.861,1341.133,1346.099,39019750.12
19.04.2018,1346.852,1346.892,1335.139,1335.888,29539620.1
20.04.2018,1335.888,1335.888,1335.888,1335.888,0
21.04.2018,1335.888,1335.888,1335.888,1335.888,0
22.04.2018,1334.679,1335.782,1322.288,1324.979,33971574.63
23.04.2018,1325.021,1332.902,1322.249,1331.561,29494640.98
24.04.2018,1330.259,1332.292,1318.962,1323.398,25119778.87
25.04.2018,1323.421,1326.732,1315.422,1317.178,27875515.22
26.04.2018,1317.301,1325.412,1315.472,1323.772,23095575
27.04.2018,1323.772,1323.772,1323.772,1323.772,0
28.04.2018,1323.772,1323.772,1323.772,1323.772,0
29.04.2018,1323.741,1327.271,1310.348,1315.519,25394024.88
30.04.2018,1315.721,1316.438,1301.889,1304.179,27430281.76
01.05.2018,1304.411,1313.641,1304.038,1306.152,31107833.83
02.05.2018,1304.962,1318.302,1304.872,1312.329,24255389.09
03.05.2018,1312.542,1315.722,1308.081,1315.279,25016288.01
04.05.2018,1315.279,1315.279,1315.279,1315.279,0
05.05.2018,1315.279,1315.279,1315.279,1315.279,0
06.05.2018,1315.402,1319.112,1310.388,1314.479,25615157.9
07.05.2018,1314.032,1318.042,1306.212,1315.411,32346569.27
08.05.2018,1315.342,1317.601,1304.451,1313.035,28043418.17
09.05.2018,1313.142,1323.116,1310.951,1321.901,28128472.09
10.05.2018,1321.852,1326.128,1317.489,1318.793,25413023.14
11.05.2018,1318.793,1318.793,1318.793,1318.793,0
12.05.2018,1318.793,1318.793,1318.793,1318.793,0
13.05.2018,1318.779,1322.512,1313.148,1313.479,23238868.18
14.05.2018,1313.382,1315.059,1288.868,1290.98,36036560.18
15.05.2018,1290.532,1297.091,1286.559,1290.928,29480540.31
16.05.2018,1290.971,1294.582,1285.442,1291.079,27606004.89
17.05.2018,1291.262,1294.411,1286.248,1293.433,24464331.06
18.05.2018,1293.433,1293.433,1293.433,1293.433,0
19.05.2018,1293.433,1293.433,1293.433,1293.433,0
20.05.2018,1291.029,1293.282,1282.281,1292.878,24237687.89
21.05.2018,1293.402,1296.302,1288.132,1291.533,24618567.08
22.05.2018,1291.512,1298.821,1288.119,1293.809,33773070.92
23.05.2018,1294.851,1306.782,1292.939,1305.028,30985068.02
24.05.2018,1304.922,1307.959,1300.082,1301.925,31951020.15
25.05.2018,1301.925,1301.925,1301.925,1301.925,0
26.05.2018,1301.925,1301.925,1301.925,1301.925,0
27.05.2018,1300.152,1300.511,1295.669,1298.282,21617390.25
28.05.2018,1298.399,1306.761,1292.838,1299.229,34717651.19
29.05.2018,1298.982,1304.579,1296.038,1301.579,32082710.68
30.05.2018,1301.942,1306.652,1297.899,1298.528,33472108.78
31.05.2018,1299.481,1300.789,1289.458,1293.519,29320009.05
01.06.2018,1293.519,1293.519,1293.519,1293.519,0
02.06.2018,1293.519,1293.519,1293.519,1293.519,0
03.06.2018,1293.228,1298.222,1290.398,1293.832,28923969.12
04.06.2018,1292.792,1300.692,1289.958,1296.609,23301904.92
05.06.2018,1296.852,1301.962,1293.978,1296.988,22604669.03
06.06.2018,1296.942,1303.498,1295.049,1297.278,22961813
07.06.2018,1297.481,1300.762,1293.461,1298.992,25858444.87
08.06.2018,1298.992,1298.992,1298.992,1298.992,0
09.06.2018,1298.992,1298.992,1298.992,1298.992,0
10.06.2018,1300.262,1302.528,1294.279,1300.5,18201654.93
11.06.2018,1300.5,1300.5,1293.369,1296.159,23444634.85
12.06.2018,1296.242,1301.412,1291.682,1299.678,23031319.89
13.06.2018,1300.012,1309.502,1297.762,1302.569,32374770.28
14.06.2018,1302.882,1303.339,1275.599,1280.122,52950099.8
15.06.2018,1280.122,1280.122,1280.122,1280.122,0
16.06.2018,1280.122,1280.122,1280.122,1280.122,0
17.06.2018,1278.028,1282.611,1277.228,1279.541,30949824.1
18.06.2018,1278.732,1284.222,1270.548,1275.912,30993370.15
19.06.2018,1275.311,1276.611,1267.832,1268.379,39542134.91
20.06.2018,1267.942,1270.301,1261.589,1267.409,31461777.93
21.06.2018,1267.381,1271.421,1266.888,1269.429,24782747.15
22.06.2018,1269.429,1269.429,1269.429,1269.429,0
23.06.2018,1269.429,1269.429,1269.429,1269.429,0
24.06.2018,1270.489,1272.792,1264.649,1266.731,39158319.74
25.06.2018,1266.372,1267.872,1254.938,1260.312,40730954.8
26.06.2018,1259.371,1260.269,1250.891,1253.361,50646484.55
27.06.2018,1252.421,1254.501,1246.071,1249.611,47794315.16
28.06.2018,1248.552,1255.802,1246.369,1253.071,44609440.3
29.06.2018,1253.071,1253.071,1253.071,1253.071,0
30.06.2018,1253.071,1253.071,1253.071,1253.071,0
01.07.2018,1252.179,1254.409,1239.828,1243.032,41948710.83
02.07.2018,1242.302,1257.022,1238.069,1252.728,39371150.08
03.07.2018,1252.861,1261.282,1252.361,1257.132,28239395.17
04.07.2018,1257.151,1259.902,1251.461,1258.58,41108715.09
05.07.2018,1257.922,1259.081,1253.009,1255.322,37284259.96
06.07.2018,1255.322,1255.322,1255.322,1255.322,0
07.07.2018,1255.322,1255.322,1255.322,1255.322,0
08.07.2018,1255.692,1266.082,1255.072,1257.939,31363709.93
09.07.2018,1258.051,1260.499,1247.519,1255.811,38751401.96
10.07.2018,1256.351,1257.082,1241.739,1242.759,47757249.36
11.07.2018,1242.872,1248.712,1241.508,1247.449,41120065.57
12.07.2018,1247.871,1248.301,1236.518,1242.145,46074384.99
13.07.2018,1242.145,1242.145,1242.145,1242.145,0
14.07.2018,1242.145,1242.145,1242.145,1242.145,0
15.07.2018,1241.478,1245.769,1238.528,1241.369,35094874.11
16.07.2018,1241.182,1245.172,1226.262,1227.949,43930519.94
17.07.2018,1227.872,1229.348,1221.262,1227.908,37037724.97
18.07.2018,1227.701,1229.262,1211.709,1223.575,52209424.79
19.07.2018,1223.772,1232.432,1215.838,1232.259,52299905.06
20.07.2018,1232.259,1232.259,1232.259,1232.259,0
21.07.2018,1232.259,1232.259,1232.259,1232.259,0
22.07.2018,1231.879,1235.262,1222.491,1224.728,48221965.43
23.07.2018,1225.041,1229.682,1218.322,1224.578,40904360.17
24.07.2018,1224.641,1234.312,1223.441,1231.925,45032109.77
25.07.2018,1232.151,1235.372,1222.558,1222.778,47011869.91
26.07.2018,1223.141,1227.529,1217.741,1223.271,41911555.26
27.07.2018,1223.271,1223.271,1223.271,1223.271,0
28.07.2018,1223.271,1223.271,1223.271,1223.271,0
29.07.2018,1223.128,1225.232,1219.219,1222.702,32568390.28
30.07.2018,1221.992,1228.762,1214.182,1224.712,45649692.83
31.07.2018,1224.251,1225.022,1215.978,1217.181,42082375.11
01.08.2018,1216.282,1221.391,1207.301,1208.871,45459975.18
02.08.2018,1208.222,1220.182,1204.588,1213.95,44469875.87
03.08.2018,1213.95,1213.95,1213.95,1213.95,0
04.08.2018,1213.95,1213.95,1213.95,1213.95,0
05.08.2018,1213.978,1218.072,1206.659,1208.501,36662005.01
06.08.2018,1207.952,1216.341,1207.832,1212.442,35263089.98
07.08.2018,1211.402,1215.9,1206.652,1214.029,31354215.09
08.08.2018,1214.381,1217.472,1210.949,1212.528,33948305.07
09.08.2018,1213.052,1217.262,1205.919,1211.542,52085865.26
10.08.2018,1211.542,1211.542,1211.542,1211.542,0
11.08.2018,1211.542,1211.542,1211.542,1211.542,0
12.08.2018,1211.178,1214.072,1191.859,1193.809,53172689.56
13.08.2018,1194.692,1198.908,1192.242,1194.328,41598195.85
14.08.2018,1194.851,1195.022,1173.288,1174.979,52953907.97
15.08.2018,1176.381,1182.211,1160.379,1174.329,55922580.24
16.08.2018,1174.471,1185.322,1172.082,1185.252,45562574.51
17.08.2018,1185.252,1185.252,1185.252,1185.252,0
18.08.2018,1185.252,1185.252,1185.252,1185.252,0
19.08.2018,1183.721,1191,1183.019,1190.829,36211857.97
20.08.2018,1191,1197.231,1187.871,1196.479,41377152.62
21.08.2018,1197.402,1201.772,1192.768,1195.959,44787785.35
22.08.2018,1196.431,1196.802,1184.068,1185.488,43339144.65
23.08.2018,1185.981,1208.661,1183.328,1206.288,43568574.49
24.08.2018,1206.288,1206.288,1206.288,1206.288,0
25.08.2018,1206.288,1206.288,1206.288,1206.288,0
26.08.2018,1207.792,1212.551,1203.309,1211.3,36437655.06
27.08.2018,1212.131,1214.472,1199.829,1201.559,43822064.4
28.08.2018,1201.562,1208.211,1201.122,1208.211,42405990.6
29.08.2018,1207.101,1208.022,1196.478,1200.288,42105660.23
30.08.2018,1200.792,1209.042,1198.442,1201.402,40504889.73
31.08.2018,1201.402,1201.402,1201.402,1201.402,0
01.09.2018,1201.402,1201.402,1201.402,1201.402,0
02.09.2018,1200.882,1204.011,1195.879,1201.512,26214619.96
03.09.2018,1201.981,1202.172,1189.782,1191.829,41132169.96
04.09.2018,1191.972,1198.522,1191.078,1196.899,38513796.48
05.09.2018,1197.231,1207.141,1195.981,1201.661,37731601.54
06.09.2018,1200.592,1203.702,1193.632,1196.2,45287282.74
07.09.2018,1196.2,1196.2,1196.2,1196.2,0
08.09.2018,1196.2,1196.2,1196.2,1196.2,0
09.09.2018,1195.412,1198.671,1191.668,1196.078,34974027.81
10.09.2018,1195.731,1199.571,1187.882,1198.879,31995066.08
11.09.2018,1198.772,1208.662,1192.862,1206.478,40215531.23
12.09.2018,1207.542,1212.786,1200.328,1201.629,40615090.1
13.09.2018,1201.962,1208.711,1193.118,1194.148,44274986.15
14.09.2018,1194.148,1194.148,1194.148,1194.148,0
15.09.2018,1194.148,1194.148,1194.148,1194.148,0
16.09.2018,1194.579,1205.001,1193.029,1201.718,36952647.15
17.09.2018,1202.112,1203.682,1196.061,1198.719,44642084.06
18.09.2018,1198.701,1206.382,1197.891,1204.145,36326678.9
19.09.2018,1204.631,1208.561,1201.481,1207.289,39947409.93
20.09.2018,1207.941,1211.212,1191.978,1200.022,45208185.26
21.09.2018,1200.022,1200.022,1200.022,1200.022,0
22.09.2018,1200.022,1200.022,1200.022,1200.022,0
23.09.2018,1199.741,1204.371,1194.631,1199.102,35202565.22
24.09.2018,1199.202,1203.511,1197.312,1201.912,33936584.92
25.09.2018,1201.482,1202.632,1190.691,1194.528,35235339.79
26.09.2018,1195.421,1198.802,1182.068,1183.109,42433430.05
27.09.2018,1183.202,1194.008,1180.889,1192.629,47685135.96
28.09.2018,1192.629,1192.629,1192.629,1192.629,0
29.09.2018,1192.629,1192.629,1192.629,1192.629,0
30.09.2018,1192.711,1192.751,1184.761,1188.999,40253860.03
01.10.2018,1189.392,1208.391,1188.681,1203.229,48878385.07
02.10.2018,1203.932,1208.501,1196.792,1197.532,45310295.11
03.10.2018,1198.242,1206.942,1196.191,1200.079,50899868.13
04.10.2018,1200.139,1205.981,1197.408,1203.389,46616404.92
05.10.2018,1203.389,1203.389,1203.389,1203.389,0
06.10.2018,1203.389,1203.389,1203.389,1203.389,0
07.10.2018,1203.432,1204.279,1183.05,1188.232,42774295.48
08.10.2018,1189.002,1192.079,1183.439,1189.978,47046014.99
09.10.2018,1190.012,1195.079,1185.509,1195.079,45174820.48
10.10.2018,1195.522,1226.522,1191.471,1225.332,68281237.72
11.10.2018,1224.791,1224.852,1216.041,1218.312,48213140.25
12.10.2018,1218.312,1218.312,1218.312,1218.312,0
13.10.2018,1218.312,1218.312,1218.312,1218.312,0
14.10.2018,1217.811,1233.421,1217.092,1227.122,49436724.84
15.10.2018,1227.532,1232.589,1223.669,1225.903,37772250.15
16.10.2018,1225.071,1229.662,1220.818,1222.549,40734840.3
17.10.2018,1222.712,1230.279,1218.908,1226.149,39240369.08
18.10.2018,1226.312,1230.979,1223.248,1226.679,34760885.27
19.10.2018,1226.679,1226.679,1226.679,1226.679,0
20.10.2018,1226.679,1226.679,1226.679,1226.679,0
21.10.2018,1227.728,1229.742,1220.249,1222.392,33925799.79
22.10.2018,1222.289,1239.948,1221.958,1230.559,39185510.19
23.10.2018,1230.889,1234.118,1225.769,1234.118,38959025.08
24.10.2018,1234.932,1239.369,1228.269,1232.432,39528967.2
25.10.2018,1232.452,1243.629,1230.248,1233.937,51454290.75
26.10.2018,1233.937,1233.937,1233.937,1233.937,0
27.10.2018,1233.937,1233.937,1233.937,1233.937,0
28.10.2018,1234.303,1235.687,1224.566,1229.64,39996260.11
29.10.2018,1230.424,1230.797,1220.037,1223.298,37557196.87
30.10.2018,1224.18,1224.18,1212.16,1214.857,35112450.21
31.10.2018,1215.81,1237.602,1214.99,1233.722,45367973.15
01.11.2018,1234.225,1236.665,1229.962,1233.23,43373680.68
02.11.2018,1233.23,1233.23,1233.23,1233.23,0
03.11.2018,1233.23,1233.23,1233.23,1233.23,0
04.11.2018,1233.152,1235.362,1227.052,1231.875,28800574.84
05.11.2018,1231.962,1236.132,1223.692,1227.335,28161086.89
06.11.2018,1227.622,1236.662,1223.247,1226.815,44389250.01
07.11.2018,1226.882,1227.402,1220.332,1224.255,38996109.93
08.11.2018,1223.962,1224.065,1206.952,1210.365,38585429.88
09.11.2018,1210.365,1210.365,1210.365,1210.365,0
10.11.2018,1210.365,1210.365,1210.365,1210.365,0
11.11.2018,1209.945,1211.702,1200.542,1200.905,35147515.12
12.11.2018,1201.062,1205.395,1196.512,1202.402,43842989.5
13.11.2018,1202.822,1216.5,1197.835,1211.275,54598205.09
14.11.2018,1211.402,1216.5,1207.932,1213.705,50969022.1
15.11.2018,1213.965,1225.522,1213.402,1221.815,41609910.31
16.11.2018,1221.815,1221.815,1221.815,1221.815,0
17.11.2018,1221.815,1221.815,1221.815,1221.815,0
18.11.2018,1222.345,1225.525,1218.252,1224.465,25923812.73
19.11.2018,1224.452,1228.975,1220.152,1222.035,40354293.87
20.11.2018,1222.205,1230.265,1219.952,1226.395,26957174.12
21.11.2018,1226.482,1229.255,1225.102,1227.705,14812109.92
22.11.2018,1227.252,1228.752,1220.552,1223.255,24251430.06
23.11.2018,1223.255,1223.255,1223.255,1223.255,0
24.11.2018,1223.255,1223.255,1223.255,1223.255,0
25.11.2018,1224.052,1228.225,1221.932,1222.685,25177214.95
26.11.2018,1222.352,1225.485,1212.102,1215.415,28174190.07
27.11.2018,1215.312,1227.082,1211.355,1221.585,27933217.97
28.11.2018,1221.445,1229.145,1220.742,1224.605,29005330.22
29.11.2018,1224.682,1225.732,1216.882,1222.755,25145769.64
30.11.2018,1222.755,1222.755,1222.755,1222.755,0
01.12.2018,1222.755,1222.755,1222.755,1222.755,0
02.12.2018,1223.502,1235.182,1221.492,1231.065,34954925.89
03.12.2018,1231.355,1242.165,1230.705,1238.895,35477328.45
04.12.2018,1239.452,1239.555,1233.542,1237.725,18175940.26
05.12.2018,1237.915,1244.555,1234.962,1238.135,38021910.35
06.12.2018,1238.165,1250.244,1237.535,1248.935,35964800.83
07.12.2018,1248.935,1248.935,1248.935,1248.935,0
08.12.2018,1248.935,1248.935,1248.935,1248.935,0
09.12.2018,1250.244,1251.345,1241.822,1244.855,35508480.19
10.12.2018,1244.865,1249.735,1241.232,1243.525,30930014.95
11.12.2018,1243.402,1247.445,1242.235,1245.995,28446679.71
12.12.2018,1246.452,1246.952,1240.312,1242.315,30349500.12
13.12.2018,1242.135,1243.272,1233.102,1238.845,31682430.27
14.12.2018,1238.845,1238.845,1238.845,1238.845,0
15.12.2018,1238.845,1238.845,1238.845,1238.845,0
16.12.2018,1239.385,1248.325,1236.055,1246.225,24010332.9
17.12.2018,1246.215,1250.585,1245.282,1249.752,19610670.3
18.12.2018,1250.165,1258.235,1241.922,1243.435,37465936.66
19.12.2018,1243.625,1266.732,1242.942,1260.225,45574351.91
20.12.2018,1260.765,1262.945,1254.112,1256.165,33782395.07
21.12.2018,1256.165,1256.165,1256.165,1256.165,0
22.12.2018,1256.165,1256.165,1256.165,1256.165,0
23.12.2018,1257.952,1270.345,1257.702,1269.315,24726274.73
24.12.2018,1269.315,1269.315,1269.315,1269.315,0
25.12.2018,1269.755,1279.295,1264.532,1267.475,29349261.37
26.12.2018,1267.375,1279.182,1266.872,1276.015,49214305.82
27.12.2018,1275.625,1282.365,1274.502,1281.285,45572600.84
28.12.2018,1281.285,1281.285,1281.285,1281.285,0
29.12.2018,1281.285,1281.285,1281.285,1281.285,0
30.12.2018,1280.585,1284.242,1277.695,1282.915,28992070.14
31.12.2018,1282.915,1282.915,1282.915,1282.915,0
01.01.2019,1282.805,1288.975,1278.942,1284.945,34532544.82
02.01.2019,1287.295,1295.295,1284.795,1294.595,48431021.9
03.01.2019,1294.335,1298.765,1276.822,1285.675,44893525.06
04.01.2019,1285.675,1285.675,1285.675,1285.675,0
05.01.2019,1285.675,1285.675,1285.675,1285.675,0
06.01.2019,1285.802,1295.255,1282.865,1289.625,32900070.19
07.01.2019,1289.315,1290.445,1279.602,1285.575,31210829.82
08.01.2019,1285.195,1294.065,1280.272,1293.875,30753567.64
09.01.2019,1293.895,1297.305,1286.335,1286.602,36795810.07
10.01.2019,1287.005,1295.382,1286.995,1287.905,32734185
11.01.2019,1287.905,1287.905,1287.905,1287.905,0
12.01.2019,1287.905,1287.905,1287.905,1287.905,0
13.01.2019,1288.102,1295.988,1287.735,1291.762,31809659.94
14.01.2019,1292.335,1294.875,1286.922,1289.855,32813291.01
15.01.2019,1290.125,1295.282,1288.082,1294.065,27270815.16
16.01.2019,1294.425,1295.562,1288.932,1292.385,26890385.23
17.01.2019,1292.505,1292.802,1280.832,1281.995,25575549.87
18.01.2019,1281.995,1281.995,1281.995,1281.995,0
19.01.2019,1281.995,1281.995,1281.995,1281.995,0
20.01.2019,1281.825,1283.782,1276.945,1280.415,13109939.98
21.01.2019,1280.065,1286.035,1277.662,1285.555,23287094.77
22.01.2019,1285.375,1286.722,1278.872,1283.135,28244677.95
23.01.2019,1283.095,1285.025,1277.055,1281.585,28457490.19
24.01.2019,1281.165,1304.555,1280.185,1303.805,25465630.01
25.01.2019,1303.805,1303.805,1303.805,1303.805,0
26.01.2019,1303.805,1303.805,1303.805,1303.805,0
27.01.2019,1301.665,1304.645,1297.852,1303.715,19748612.93
28.01.2019,1303.415,1312.225,1302.952,1312.125,27069693.03
29.01.2019,1312.545,1323.585,1309.242,1320.225,27088056.65
30.01.2019,1320.625,1326.472,1317.675,1322.095,27441968.05
31.01.2019,1321.715,1323.752,1316.312,1318.015,27330575.45
01.02.2019,1318.015,1318.015,1318.015,1318.015,0
02.02.2019,1318.015,1318.015,1318.015,1318.015,0
03.02.2019,1318.255,1319.295,1308.802,1312.545,21716009.96
04.02.2019,1312.545,1317.095,1310.935,1315.605,25576563.98
05.02.2019,1315.602,1316.042,1305.932,1306.915,23256279.83
06.02.2019,1307.205,1312.152,1302.982,1310.495,27425049.86
07.02.2019,1310.305,1315.815,1308.002,1314.695,23982609.96
08.02.2019,1314.695,1314.695,1314.695,1314.695,0
09.02.2019,1314.695,1314.695,1314.695,1314.695,0
10.02.2019,1314.702,1315.122,1303.912,1308.495,22530070.17
11.02.2019,1308.405,1314.955,1306.705,1311.225,17435135.14
12.02.2019,1311.185,1318.375,1305.262,1306.665,21289049.89
13.02.2019,1306.115,1314.565,1302.552,1312.685,26924859.94
14.02.2019,1312.645,1322.802,1311.605,1321.785,21554914.98
15.02.2019,1321.785,1321.785,1321.785,1321.785,0
16.02.2019,1321.785,1321.785,1321.785,1321.785,0
17.02.2019,1321.612,1327.865,1320.892,1326.695,10974479.08
18.02.2019,1326.585,1342.075,1323.075,1341.625,25148610.96
19.02.2019,1340.735,1346.935,1337.092,1338.815,25742499.14
20.02.2019,1339.125,1341.745,1321.302,1324.095,56912594.77
21.02.2019,1323.935,1333.315,1321.745,1328.635,39295530.2
22.02.2019,1328.635,1328.635,1328.635,1328.635,0
23.02.2019,1328.635,1328.635,1328.635,1328.635,0
24.02.2019,1329.195,1332.802,1325.382,1327.935,23248715.09
25.02.2019,1328.265,1330.412,1323.732,1329.355,26983794.96
26.02.2019,1329.625,1330.595,1317.092,1320.215,32301429.73
27.02.2019,1320.565,1327.505,1312.752,1313.605,30451824.81
28.02.2019,1314.765,1315.435,1290.402,1293.805,41005404.76
01.03.2019,1293.805,1293.805,1293.805,1293.805,0
02.03.2019,1293.805,1293.805,1293.805,1293.805,0
03.03.2019,1293.995,1297.272,1283.045,1286.902,32648850.29
04.03.2019,1287.505,1289.762,1281.402,1288.275,41132884.44
05.03.2019,1287.965,1291,1283.802,1286.615,35365145.56
06.03.2019,1286.965,1289.282,1281.072,1285.875,35733870.09
07.03.2019,1286.355,1300.992,1285.442,1298.805,42048484.89
08.03.2019,1298.805,1298.805,1298.805,1298.805,0
09.03.2019,1298.805,1298.805,1298.805,1298.805,0
10.03.2019,1298.305,1299.332,1290.722,1293.865,26112880.13
11.03.2019,1294.195,1302.422,1292.285,1301.765,31263050.44
12.03.2019,1302.025,1311.485,1300.792,1310.915,24966159.15
13.03.2019,1309.545,1310.572,1293.042,1297.765,28299519.82
14.03.2019,1296.655,1306.605,1294.225,1302.825,30363769.84
15.03.2019,1302.825,1302.825,1302.825,1302.825,0
16.03.2019,1302.825,1302.825,1302.825,1302.825,0
17.03.2019,1303.245,1306.945,1298.462,1303.965,18691874.97
18.03.2019,1304.002,1311.095,1302.575,1306.875,24770484.95
19.03.2019,1305.855,1317.232,1298.862,1312.665,32773474.95
20.03.2019,1313.355,1320.602,1303.492,1309.795,36095544.95
21.03.2019,1309.925,1315.162,1307.045,1313.745,33542334.87
22.03.2019,1313.745,1313.745,1313.745,1313.745,0
23.03.2019,1313.745,1313.745,1313.745,1313.745,0
24.03.2019,1314.295,1324.742,1311.255,1322.102,26520209.8
25.03.2019,1322.365,1323.492,1312.932,1315.902,35175410.03
26.03.2019,1316.315,1319.535,1308.332,1311.295,42818724.93
27.03.2019,1310.045,1312.522,1288.752,1290.475,39337870.15
28.03.2019,1290.765,1299.992,1286.935,1292.495,35181273.04
29.03.2019,1292.495,1292.495,1292.495,1292.495,0
30.03.2019,1292.495,1292.495,1292.495,1292.495,0
31.03.2019,1293.345,1297.255,1286.642,1287.975,30568560.03
01.04.2019,1288.115,1292.952,1285.445,1292.935,22395379.11
02.04.2019,1292.535,1294.795,1288.622,1290.135,29608635.43
03.04.2019,1290.705,1294.622,1281.085,1292.605,20475455
04.04.2019,1292.955,1293.845,1284.602,1291.795,37717457.96
05.04.2019,1291.795,1291.795,1291.795,1291.795,0
06.04.2019,1291.795,1291.795,1291.795,1291.795,0
07.04.2019,1292.595,1303.915,1291.672,1297.532,18734515.16
08.04.2019,1298.175,1306.385,1296.792,1304.483,27104939.97
09.04.2019,1304.675,1310.845,1301.132,1308.275,31763210.46
10.04.2019,1309.255,1309.425,1289.842,1292.842,31689799.82
11.04.2019,1292.985,1295.975,1290.242,1290.865,27945500.24
12.04.2019,1290.865,1290.865,1290.865,1290.865,0
13.04.2019,1290.865,1290.865,1290.865,1290.865,0
14.04.2019,1291.505,1292.182,1282.732,1289.215,24657605.11
15.04.2019,1288.335,1288.985,1273.162,1277.145,37238605.26
16.04.2019,1277.265,1280.005,1273.192,1274.393,31266409.87
17.04.2019,1274.385,1277.845,1271.392,1276.105,33284885.06
18.04.2019,1276.105,1276.105,1276.105,1276.105,0
19.04.2019,1276.105,1276.105,1276.105,1276.105,0
20.04.2019,1276.105,1276.105,1276.105,1276.105,0
21.04.2019,1276.052,1280.002,1274.032,1275.245,17029935.11
22.04.2019,1275.535,1276.695,1266.502,1272.655,21658960.12
23.04.2019,1272.675,1278.725,1268.992,1276.785,27342819.93
24.04.2019,1276.165,1282.842,1273.602,1277.575,28259150.06
25.04.2019,1277.265,1288.895,1274.502,1286.305,36076215.31
26.04.2019,1286.305,1286.305,1286.305,1286.305,0
27.04.2019,1286.305,1286.305,1286.305,1286.305,0
28.04.2019,1286.725,1286.905,1278.285,1280.258,24498780.37
29.04.2019,1280.345,1286.405,1280.032,1284.475,28606170
30.04.2019,1283.705,1287.575,1273.132,1276.972,33100519.96
01.05.2019,1277.152,1278.252,1266.452,1271.815,33735720.13
02.05.2019,1271.015,1282.755,1268.792,1279.395,32829850
03.05.2019,1279.395,1279.395,1279.395,1279.395,0
04.05.2019,1279.395,1279.395,1279.395,1279.395,0
05.05.2019,1280.805,1286.002,1277.232,1280.662,46006009.24
06.05.2019,1281.845,1286.292,1278.352,1284.572,43402064.73
07.05.2019,1284.725,1291.685,1279.562,1281.235,38254684.78
08.05.2019,1281.435,1288.272,1279.835,1284.885,51022530.14
09.05.2019,1284.725,1289.682,1283.332,1286.115,49596549.81
10.05.2019,1286.115,1286.115,1286.115,1286.115,0
11.05.2019,1286.115,1286.115,1286.115,1286.115,0
12.05.2019,1287.995,1301.472,1282.152,1300.145,35915349.07
13.05.2019,1300.445,1303.535,1293.942,1297.092,36269266.14
14.05.2019,1297.505,1301.112,1293.252,1296.765,54868230.07
15.05.2019,1296.875,1298.915,1284.222,1287.955,28123675.38
16.05.2019,1287.045,1289.142,1275.042,1278.095,31168814.91
17.05.2019,1278.095,1278.095,1278.095,1278.095,0
18.05.2019,1278.095,1278.095,1278.095,1278.095,0
19.05.2019,1277.915,1279.182,1273.852,1277.902,25332919.98
20.05.2019,1278.165,1278.185,1269.732,1275.135,20108649.75
21.05.2019,1275.005,1277.495,1272.692,1273.622,23133034.88
22.05.2019,1273.665,1287.482,1273.015,1283.763,32598432.96
23.05.2019,1283.745,1285.432,1280.995,1285.225,33835790.02
24.05.2019,1285.225,1285.225,1285.225,1285.225,0
25.05.2019,1285.225,1285.225,1285.225,1285.225,0
26.05.2019,1285.155,1287.635,1283.992,1285.275,17254699.89
27.05.2019,1285.565,1286.822,1276.362,1280.395,41958014.71
28.05.2019,1280.115,1285.752,1279.312,1280.71,47780934.8
29.05.2019,1280.635,1289.472,1275.212,1288.705,32022442.03
30.05.2019,1288.855,1307,1288.265,1305.905,47959145.81
31.05.2019,1305.905,1305.905,1305.905,1305.905,0
01.06.2019,1305.905,1305.905,1305.905,1305.905,0
02.06.2019,1307.602,1328.192,1306.235,1325.355,48161748.44
03.06.2019,1325.375,1329.302,1320.135,1325.692,42843224.94
04.06.2019,1325.692,1344.292,1324.772,1330.685,62454344.54
05.06.2019,1331.632,1339.992,1327.445,1335.752,51855555
06.06.2019,1335.765,1348.455,1330.492,1341.302,47371324.75
07.06.2019,1341.302,1341.302,1341.302,1341.302,0
08.06.2019,1341.302,1341.302,1341.302,1341.302,0
09.06.2019,1337.302,1337.912,1325.282,1328.175,42109928.13
10.06.2019,1328.132,1330.075,1320.072,1327.412,35283549.96
11.06.2019,1327.175,1338.582,1326.232,1333.862,36353980.15
12.06.2019,1334.385,1343.355,1332.612,1342.332,33789019.85
13.06.2019,1342.612,1358.402,1337.992,1341.832,62980416.57
14.06.2019,1341.832,1341.832,1341.832,1341.832,0
15.06.2019,1341.832,1341.832,1341.832,1341.832,0
16.06.2019,1342.115,1343.762,1333.162,1340.002,34638494.85
17.06.2019,1340.495,1354.812,1338.855,1346.972,56590664.91
18.06.2019,1347.075,1362.852,1341.515,1360.612,54931843.25
19.06.2019,1361.125,1394.415,1357.875,1389.022,80309810.22
20.06.2019,1387.525,1412.082,1382.735,1400.102,75923218.43
21.06.2019,1400.102,1400.102,1400.102,1400.102,0
22.06.2019,1400.102,1400.102,1400.102,1400.102,0
23.06.2019,1400.885,1421.632,1400.102,1420.292,51519864.92
24.06.2019,1419.902,1439.582,1412.162,1423.682,73281625.09
25.06.2019,1425.145,1425.305,1402.202,1409.375,59250845.25
26.06.2019,1409.805,1412.392,1398.882,1410.252,57244640.35
27.06.2019,1410.292,1424.862,1405.912,1410.095,47145754.84
28.06.2019,1410.095,1410.095,1410.095,1410.095,0
29.06.2019,1410.095,1410.095,1410.095,1410.095,0
30.06.2019,1398.335,1398.335,1382.025,1385.082,55756748.74
01.07.2019,1384.245,1421.322,1383.565,1418.705,52821819.13
02.07.2019,1419.205,1438.102,1412.282,1418.885,58072751.16
03.07.2019,1420.055,1421.935,1410.425,1416.225,25366694.75
04.07.2019,1416.905,1424.522,1386.752,1399.135,66775050.16
05.07.2019,1399.135,1399.135,1399.135,1399.135,0
06.07.2019,1399.135,1399.135,1399.135,1399.135,0
07.07.2019,1399.465,1407.805,1391.992,1395.863,34648069.98
08.07.2019,1395.315,1400.292,1385.982,1397.992,36204299.9
09.07.2019,1398.285,1419.212,1390.132,1419.182,50659939.89
10.07.2019,1419.025,1427.392,1401.102,1404.678,54459469.91
11.07.2019,1404.595,1417.112,1403.365,1415.755,42968719.75
12.07.2019,1415.755,1415.755,1415.755,1415.755,0
13.07.2019,1415.755,1415.755,1415.755,1415.755,0
14.07.2019,1416.092,1420.062,1407.942,1414.262,31847900.93
15.07.2019,1415.295,1418.552,1401.082,1406.262,40616182.15
16.07.2019,1406.875,1427,1400.322,1426.542,41868403.58
17.07.2019,1430,1448.322,1414.862,1447.363,54931811.51
18.07.2019,1447.392,1453.242,1420.442,1426.102,59906041.59
19.07.2019,1426.102,1426.102,1426.102,1426.102,0
20.07.2019,1426.102,1426.102,1426.102,1426.102,0
21.07.2019,1428.212,1430.232,1422.462,1425.332,37248995.16
22.07.2019,1425.762,1430.425,1414.432,1417.812,43771460.5
23.07.2019,1418.022,1429.812,1416.572,1425.902,24997255.03
24.07.2019,1426.335,1434.032,1411.292,1414.642,45472694.75
25.07.2019,1414.562,1425.092,1413.525,1418.902,36099735.08
26.07.2019,1418.902,1418.902,1418.902,1418.902,0
27.07.2019,1418.902,1418.902,1418.902,1418.902,0
28.07.2019,1419.535,1428.365,1415.102,1427.002,24993785.95
29.07.2019,1427.122,1433.502,1422.535,1431.132,26425815.06
30.07.2019,1431.532,1434.742,1410.832,1413.322,38700604.92
31.07.2019,1413.625,1446.255,1400.725,1445.235,48997291.68
01.08.2019,1445.605,1449.652,1430.522,1441.302,44006984.71
02.08.2019,1441.302,1441.302,1441.302,1441.302,0
03.08.2019,1441.302,1441.302,1441.302,1441.302,0
04.08.2019,1440.502,1470.015,1436.895,1464.252,68568500.1
05.08.2019,1468.955,1475.185,1456.642,1474.832,59315014.45
06.08.2019,1474.515,1510.652,1472.522,1502.133,66372411.31
07.08.2019,1501.085,1509.785,1490.225,1501.453,48643179.77
08.08.2019,1505.172,1509.402,1495.015,1497.502,45553269.8
09.08.2019,1497.502,1497.502,1497.502,1497.502,0
10.08.2019,1497.502,1497.502,1497.502,1497.502,0
11.08.2019,1498.015,1520.502,1487.662,1511.372,32980322.88
12.08.2019,1511.585,1535.252,1480.102,1501.672,59538013.28
13.08.2019,1502.645,1524.292,1494.445,1516.963,53637932.45
14.08.2019,1516.962,1527.265,1508.092,1523.522,50529319.82
15.08.2019,1524.195,1528.202,1503.902,1513.985,36484080.2
16.08.2019,1513.985,1513.985,1513.985,1513.985,0
17.08.2019,1513.985,1513.985,1513.985,1513.985,0
18.08.2019,1512.802,1513.275,1493.425,1496.402,41797421.99
19.08.2019,1496.422,1508.785,1493.222,1507.802,34158134.82
20.08.2019,1508.122,1508.352,1496.692,1503.202,35348220.23
21.08.2019,1502.872,1504.872,1492.702,1498.802,34109503.17
22.08.2019,1498.912,1530.542,1493.712,1527.502,46511732.4
23.08.2019,1527.502,1527.502,1527.502,1527.502,0
24.08.2019,1527.502,1527.502,1527.502,1527.502,0
25.08.2019,1536.072,1555.432,1525.252,1528.092,78062374.77
26.08.2019,1527.752,1544.835,1525.922,1542.942,43421635.09
27.08.2019,1542.572,1547.062,1532.142,1539.702,56004319.97
28.08.2019,1539.792,1550.605,1519.875,1527.912,70554654.78
29.08.2019,1528.255,1533.392,1517.252,1520.902,65438648.94
30.08.2019,1520.902,1520.902,1520.902,1520.902,0
31.08.2019,1520.902,1520.902,1520.902,1520.902,0
01.09.2019,1528.785,1534.502,1519.552,1529.412,26727950
02.09.2019,1530.165,1549.925,1521.825,1547.602,54184601.96
03.09.2019,1547.295,1557.265,1534.102,1552.702,65153561.35
04.09.2019,1552.502,1553.252,1506.547,1519.502,72636261.23
05.09.2019,1517.802,1528.145,1502.795,1507.302,84205454.29
06.09.2019,1507.302,1507.302,1507.302,1507.302,0
07.09.2019,1507.302,1507.302,1507.302,1507.302,0
08.09.2019,1508.362,1515.722,1497.832,1499.402,58303322.85
09.09.2019,1499.272,1501.165,1484.665,1486.302,56090637.51
10.09.2019,1486.212,1498.435,1485.502,1497.702,51619892.36
11.09.2019,1497.212,1524.445,1489.492,1499.435,62569739.58
12.09.2019,1499.132,1509.252,1485.992,1489.152,53445457.91
13.09.2019,1489.152,1489.152,1489.152,1489.152,0
14.09.2019,1489.152,1489.152,1489.152,1489.152,0
15.09.2019,1507.402,1512.191,1496.125,1498.842,67342688.8
16.09.2019,1499.422,1507.295,1493.685,1501.792,45595427.99
17.09.2019,1501.735,1511.902,1483.452,1494.452,42720711.83
18.09.2019,1494.545,1504.772,1489.222,1499.182,44947140.16
19.09.2019,1499.25,1517.502,1498.215,1517.502,37105369.72
20.09.2019,1517.502,1517.502,1517.502,1517.502,0
21.09.2019,1517.502,1517.502,1517.502,1517.502,0
22.09.2019,1514.852,1527.035,1511.772,1522.752,45563979.21
23.09.2019,1522.642,1535.922,1515.852,1532.752,48806234.78
24.09.2019,1532.132,1535.385,1500.692,1504.302,65585029.66
25.09.2019,1504.352,1512.515,1500.642,1505.102,52944365.26
26.09.2019,1504.912,1507.625,1487.102,1497.402,60612745.17
27.09.2019,1497.402,1497.402,1497.402,1497.402,0
28.09.2019,1497.402,1497.402,1497.402,1497.402,0
29.09.2019,1495.022,1500.792,1464.712,1472.902,58621084.9
30.09.2019,1472.472,1487.455,1459.295,1479.542,59908070.8
01.10.2019,1479.275,1505.332,1474.735,1500.302,55579047.32
02.10.2019,1499.922,1519.842,1496.022,1505.602,62982785.85
03.10.2019,1505.802,1516.062,1496.072,1505.202,68933290.12
04.10.2019,1505.202,1505.202,1505.202,1505.202,0
05.10.2019,1505.202,1505.202,1505.202,1505.202,0
06.10.2019,1512.662,1512.715,1488.282,1493.902,55614970.56
07.10.2019,1493.712,1510.022,1487.185,1506.002,78016989.92
08.10.2019,1506.352,1512.742,1500.075,1506.102,59128724.37
09.10.2019,1506.072,1517.292,1491.372,1494.502,76147679.66
10.10.2019,1494.462,1503.385,1474.202,1489.502,69124489.61
11.10.2019,1489.502,1489.502,1489.502,1489.502,0
12.10.2019,1489.502,1489.502,1489.502,1489.502,0
13.10.2019,1488.852,1497.345,1483.132,1493.702,53478874.77
14.10.2019,1493.552,1498.702,1477.392,1481.522,69919249.3
15.10.2019,1481.282,1491.805,1477.255,1490.252,72007135.69
16.10.2019,1490.602,1497.585,1483.702,1492.302,69025980.11
17.10.2019,1492.142,1494.362,1485.102,1490.502,53720074.56
18.10.2019,1490.502,1490.502,1490.502,1490.502,0
19.10.2019,1490.502,1490.502,1490.502,1490.502,0
20.10.2019,1491.762,1495.435,1481.752,1485.002,44952427.83
21.10.2019,1484.812,1489.212,1481.082,1488.102,49576710.13
22.10.2019,1488.152,1496.535,1487.935,1492.373,52417615.18
23.10.2019,1492.302,1504.592,1488.205,1504.402,47784739.38
24.10.2019,1503.982,1518.175,1500.822,1505.102,55263514.85
25.10.2019,1505.102,1505.102,1505.102,1505.102,0
26.10.2019,1505.102,1505.102,1505.102,1505.102,0
27.10.2019,1505.012,1508.432,1490.242,1492.902,50068134.81
28.10.2019,1492.472,1495.005,1483.782,1488.102,41799055.62
29.10.2019,1488.355,1496.865,1481.402,1496.102,53571460.01
30.10.2019,1496.232,1514.405,1494.015,1513.402,59708335.1
31.10.2019,1513.332,1516.322,1503.542,1514.802,47830104.8
01.11.2019,1514.802,1514.802,1514.802,1514.802,0
02.11.2019,1514.802,1514.802,1514.802,1514.802,0
03.11.2019,1514.382,1515.025,1504.592,1510.145,45138650.1
04.11.2019,1509.992,1509.992,1479.572,1484.015,61478636.47
05.11.2019,1483.512,1494.385,1482.702,1490.955,40707398.77
06.11.2019,1490.662,1492.395,1460.812,1468.855,76167864.59
07.11.2019,1468.212,1473.165,1456.452,1459.425,59413613.41
08.11.2019,1459.425,1459.425,1459.425,1459.425,0
09.11.2019,1459.425,1459.425,1459.425,1459.425,0
10.11.2019,1459.902,1466.635,1448.432,1456.255,40695845.01
11.11.2019,1455.632,1460.645,1445.825,1456.865,62673664.48
12.11.2019,1456.542,1467.312,1456.102,1464.015,56723880.44
13.11.2019,1463.692,1474.852,1461.285,1471.745,56202639.67
14.11.2019,1471.512,1471.592,1462.605,1468.625,38195735.99
15.11.2019,1468.625,1468.625,1468.625,1468.625,0
16.11.2019,1468.625,1468.625,1468.625,1468.625,0
17.11.2019,1467.582,1474.185,1456.575,1471.815,44404399.68
18.11.2019,1471.572,1475.782,1464.995,1472.885,43900580.26
19.11.2019,1472.662,1478.995,1466.132,1472.015,60863950.1
20.11.2019,1475.432,1475.835,1462.582,1464.965,52138155.31
21.11.2019,1464.462,1473.432,1461.582,1462.575,42357230.57
22.11.2019,1462.575,1462.575,1462.575,1462.575,0
23.11.2019,1462.575,1462.575,1462.575,1462.575,0
24.11.2019,1460.652,1462.372,1454.212,1455.685,34914475.14
25.11.2019,1455.402,1463.162,1450.192,1461.915,36642770.95
26.11.2019,1462.052,1462.555,1452.792,1454.885,32483259.89
27.11.2019,1455.012,1458.495,1454.432,1457.288,18688680
28.11.2019,1456.102,1466.725,1453.192,1464.372,32235713.15
29.11.2019,1464.372,1464.372,1464.372,1464.372,0
30.11.2019,1464.372,1464.372,1464.372,1464.372,0
01.12.2019,1464.472,1465.802,1454.142,1462.802,51020390.21
02.12.2019,1462.752,1482.015,1460.052,1478.045,51557574.45
03.12.2019,1477.432,1484.245,1471.672,1475.025,58811134.99
04.12.2019,1475.112,1480.572,1473.102,1476.445,44629914.43
05.12.2019,1476.002,1480.595,1458.852,1460.615,45200834.69
06.12.2019,1460.615,1460.615,1460.615,1460.615,0
07.12.2019,1460.615,1460.615,1460.615,1460.615,0
08.12.2019,1459.842,1465.565,1459.002,1461.995,27462839.95
09.12.2019,1462.242,1469.375,1460.212,1464.945,42472425.62
10.12.2019,1464.252,1479.135,1462.922,1475.205,44224205.84
11.12.2019,1475.182,1486.955,1464.152,1470.205,63914138.44
12.12.2019,1468.502,1478.232,1462.112,1476.215,72347456.37
13.12.2019,1476.215,1476.215,1476.215,1476.215,0
14.12.2019,1476.215,1476.215,1476.215,1476.215,0
15.12.2019,1475.752,1480.112,1473.375,1476.602,34000832.97
16.12.2019,1476.702,1480.695,1474.432,1476.675,34652614.68
17.12.2019,1476.552,1479.485,1470.632,1475.705,35351369.98
18.12.2019,1475.772,1481.885,1473.445,1479.255,33809988.8
19.12.2019,1479.232,1481.192,1476.055,1478.915,25262748.05
20.12.2019,1478.915,1478.915,1478.915,1478.915,0
21.12.2019,1478.915,1478.915,1478.915,1478.915,0
22.12.2019,1478.752,1486.345,1477.712,1486.225,28661480.19
23.12.2019,1485.642,1500.805,1484.585,1500.375,30479249.83
24.12.2019,1500.375,1500.375,1500.375,1500.375,0
25.12.2019,1500.222,1512.832,1497.725,1511.745,37505106.33
26.12.2019,1512.102,1515.505,1507.555,1511.715,42600809.96
27.12.2019,1511.715,1511.715,1511.715,1511.715,0
28.12.2019,1511.715,1511.715,1511.715,1511.715,0
29.12.2019,1512.082,1516.335,1511.002,1515.615,37174818.04
30.12.2019,1515.142,1525.522,1515.015,1518.015,40577703.77
31.12.2019,1518.015,1518.015,1518.015,1518.015,0
01.01.2020,1519.592,1531.585,1517.392,1529.785,40935774.86
02.01.2020,1529.302,1553.762,1528.205,1552.805,70205563.04
03.01.2020,1552.805,1552.805,1552.805,1552.805,0
04.01.2020,1552.805,1552.805,1552.805,1552.805,0
05.01.2020,1560,1587.915,1560,1566.195,79720419.23
06.01.2020,1566.022,1577.602,1555.515,1574.945,62951240.24
07.01.2020,1576.122,1611.732,1552.485,1557.365,114163389.4
08.01.2020,1557.152,1561.545,1540.422,1552.675,54567109.59
09.01.2020,1552.902,1563.352,1545.935,1562.535,47176058.77
10.01.2020,1562.535,1562.535,1562.535,1562.535,0
11.01.2020,1562.535,1562.535,1562.535,1562.535,0
12.01.2020,1562.012,1562.012,1546.702,1548.225,43961903.04
13.01.2020,1548.662,1549.152,1536.145,1547.165,64720049.65
14.01.2020,1546.882,1558.405,1546.365,1556.755,51840409.61
15.01.2020,1556.722,1558.335,1548.212,1552.945,41381704.66
16.01.2020,1552.962,1561.425,1549.555,1557.695,42058590.17
17.01.2020,1557.695,1557.695,1557.695,1557.695,0
18.01.2020,1557.695,1557.695,1557.695,1557.695,0
19.01.2020,1557.982,1562.985,1556.555,1561.112,16566059.86
20.01.2020,1561.162,1568.845,1546.522,1558.855,63555899.83
21.01.2020,1559.182,1559.495,1550.422,1559.495,43609165.01
22.01.2020,1559.202,1568.105,1552.065,1563.425,52531073.87
23.01.2020,1562.872,1576.072,1556.735,1572.205,56794015.17
24.01.2020,1572.205,1572.205,1572.205,1572.205,0
25.01.2020,1572.205,1572.205,1572.205,1572.205,0
26.01.2020,1579.952,1588.885,1576.082,1582.675,72813355.21
27.01.2020,1582.012,1583.265,1565.782,1567.855,58777835.07
28.01.2020,1567.542,1578.212,1563.595,1577.245,55308428.23
29.01.2020,1577.542,1586.155,1572.482,1575.005,67476922.57
30.01.2020,1574.572,1590.922,1571.152,1590.135,74336160.84
31.01.2020,1590.135,1590.135,1590.135,1590.135,0
01.02.2020,1590.135,1590.135,1590.135,1590.135,0
02.02.2020,1594.112,1594.232,1569.842,1577.115,51269844.68
03.02.2020,1577.522,1579.882,1549.222,1553.475,53638099.61
04.02.2020,1553.062,1562.595,1547.682,1556.675,47287351.31
05.02.2020,1556.582,1568.512,1552.695,1567.085,42613804.91
06.02.2020,1567.072,1574.295,1560.972,1570.702,75093528.6
07.02.2020,1570.702,1570.702,1570.702,1570.702,0
08.02.2020,1570.702,1570.702,1570.702,1570.702,0
09.02.2020,1572.082,1577.195,1568.205,1572.725,47548415.15
10.02.2020,1572.522,1574.265,1562.302,1568.545,54860790.25
11.02.2020,1568.502,1570.655,1562.132,1566.465,45062463.94
12.02.2020,1566.465,1578.552,1565.752,1576.645,58336939.48
13.02.2020,1576.662,1585.302,1573.272,1584.102,40543165.15
14.02.2020,1584.102,1584.102,1584.102,1584.102,0
15.02.2020,1584.102,1584.102,1584.102,1584.102,0
16.02.2020,1582.812,1583.965,1579.065,1581.342,16863410.06
17.02.2020,1584.682,1605.295,1582.745,1602.215,52687078.24
18.02.2020,1601.822,1613.175,1599.735,1612.275,53513421.6
19.02.2020,1612.542,1623.932,1604.082,1619.995,58044770.21
20.02.2020,1620.572,1649.442,1619.165,1643.602,84611694.22
21.02.2020,1643.602,1643.602,1643.602,1643.602,0
22.02.2020,1643.602,1643.602,1643.602,1643.602,0
23.02.2020,1655.502,1689.542,1651.122,1660.065,120009105
24.02.2020,1659.372,1664.402,1625.262,1635.425,141475824.4
25.02.2020,1635.932,1655.205,1625.112,1641.212,121384505.3
26.02.2020,1641.462,1660.575,1635.452,1645.362,194963479.3
27.02.2020,1644.902,1649.802,1563.162,1586.645,194657392.4
28.02.2020,1586.645,1586.645,1586.645,1586.645,0
29.02.2020,1586.645,1586.645,1586.645,1586.645,0
01.03.2020,1592.142,1611.222,1575.632,1589.752,212348316.8
02.03.2020,1585.822,1649.575,1585.382,1641.292,178240956.4
03.03.2020,1641.102,1652.962,1632.092,1637.322,176036838.8
04.03.2020,1638.232,1674.842,1635.245,1672.542,131888466.8
05.03.2020,1672.772,1692.332,1642.762,1674.352,173127627.4
06.03.2020,1674.352,1674.352,1674.352,1674.352,0
07.03.2020,1674.352,1674.352,1674.352,1674.352,0
08.03.2020,1695.855,1703.745,1657.812,1680.822,135129880.7
09.03.2020,1680.522,1681.212,1641.729,1649.902,134707354.8
10.03.2020,1650.172,1671.512,1633.202,1635.302,114762535.5
11.03.2020,1634.632,1650.505,1560.952,1577.702,120066899.3
12.03.2020,1579.982,1598.192,1505.032,1529.802,133123637
13.03.2020,1529.802,1529.802,1529.802,1529.802,0
14.03.2020,1529.802,1529.802,1529.802,1529.802,0
15.03.2020,1568.302,1576.105,1451.492,1514.902,118350186.7
16.03.2020,1512.952,1554.195,1466.032,1528.752,117859883.2
17.03.2020,1528.642,1546.632,1473.072,1486.652,120685156.5
18.03.2020,1487.152,1501.442,1464.372,1471.832,95007925.27
19.03.2020,1471.452,1516.412,1455.682,1499.402,76405799.51
20.03.2020,1499.402,1499.402,1499.402,1499.402,0
21.03.2020,1499.402,1499.402,1499.402,1499.402,0
22.03.2020,1504.182,1561.612,1483.002,1554.065,78958299.58
23.03.2020,1556.232,1638.612,1553.552,1632.295,46923518.12
24.03.2020,1635.922,1645.472,1597.922,1619.515,45366762.82
25.03.2020,1621.542,1645.602,1597.822,1634.352,34617162.41
26.03.2020,1635.682,1638.222,1614.996,1630.315,34062695.12
27.03.2020,1630.315,1630.315,1630.315,1630.315,0
28.03.2020,1630.315,1630.315,1630.315,1630.315,0
29.03.2020,1642.292,1642.542,1612.054,1623.295,35803261.88
30.03.2020,1624.902,1624.902,1575.092,1578.442,46365559.7
31.03.2020,1578.462,1601.722,1569.182,1592.902,46291070.04
01.04.2020,1592.652,1621.182,1583.412,1615.862,53936226.79
02.04.2020,1617.612,1626.742,1607.232,1619.852,41828564.61
03.04.2020,1619.852,1619.852,1619.852,1619.852,0
04.04.2020,1619.852,1619.852,1619.852,1619.852,0
05.04.2020,1621.602,1670.185,1610.552,1661.802,48078374.15
06.04.2020,1666.612,1676.382,1643.742,1649.192,62124176.38
07.04.2020,1651.072,1657.632,1642.462,1648.292,39681675.02
08.04.2020,1649.272,1691.022,1644.602,1685.842,49394846.95
09.04.2020,1685.842,1685.842,1685.842,1685.842,0
10.04.2020,1685.842,1685.842,1685.842,1685.842,0
11.04.2020,1685.842,1685.842,1685.842,1685.842,0
12.04.2020,1686.652,1724.602,1677.422,1716.762,42197045.62
13.04.2020,1715.662,1748.022,1709.762,1727.982,64239102.33
14.04.2020,1731.292,1732.582,1708.752,1717.852,51357538.55
15.04.2020,1718.502,1739.242,1708.752,1719.122,60470365.38
16.04.2020,1718.822,1719.842,1679.952,1685.082,65737679.06
17.04.2020,1685.082,1685.082,1685.082,1685.082,0
18.04.2020,1685.082,1685.082,1685.082,1685.082,0
19.04.2020,1687.192,1703.335,1672.645,1696.592,53244682.67
20.04.2020,1700.242,1700.242,1661.592,1687.312,61588177.86
21.04.2020,1690.012,1719.112,1680.972,1715.182,65287743.87
22.04.2020,1714.262,1739.512,1707.592,1731.432,64462149.86
23.04.2020,1732.202,1736.872,1710.892,1730.902,61960270.64
24.04.2020,1730.902,1730.902,1730.902,1730.902,0
25.04.2020,1730.902,1730.902,1730.902,1730.902,0
26.04.2020,1730.102,1730.282,1706.662,1714.562,68455025.02
27.04.2020,1713.508,1716,1692.532,1708.392,77271131.87
28.04.2020,1708.842,1718.365,1698.242,1714.242,62256980.87
29.04.2020,1715.642,1722.142,1681.792,1687.572,69842435.84
30.04.2020,1690.092,1706.215,1671.055,1701.942,90565425.46
01.05.2020,1701.942,1701.942,1701.942,1701.942,0
02.05.2020,1701.942,1701.942,1701.942,1701.942,0
03.05.2020,1700.122,1714.422,1693.142,1702.992,53250259.91
04.05.2020,1703.012,1712.302,1690.752,1706.902,51143926.35
05.05.2020,1708.132,1708.475,1682.752,1686.232,47193966.9
06.05.2020,1685.172,1722.602,1683.692,1716.672,59948594.15
07.05.2020,1718.572,1723.682,1702.172,1703.782,55208425.4
08.05.2020,1703.782,1703.782,1703.782,1703.782,0
09.05.2020,1703.782,1703.782,1703.782,1703.782,0
10.05.2020,1703.852,1713,1692.502,1698.542,62217552.3
11.05.2020,1698.002,1711.252,1693.922,1703.492,59385927.71
12.05.2020,1702.722,1718.952,1699.642,1716.992,81174004.85
13.05.2020,1718.402,1736.645,1711.512,1731.002,68621066.81
14.05.2020,1732.412,1752.025,1729.132,1743.042,77665067.43
15.05.2020,1743.042,1743.042,1743.042,1743.042,0
16.05.2020,1743.042,1743.042,1743.042,1743.042,0
17.05.2020,1746.132,1765.332,1728.015,1733.122,77955011.55
18.05.2020,1734.522,1748.135,1726.965,1745.592,87359399.32
19.05.2020,1747.842,1754.212,1742.695,1748.702,78140868.72
20.05.2020,1749.622,1749.622,1717.372,1727.462,76679944.69
21.05.2020,1726.872,1740.502,1724.635,1735.152,63846464.16
22.05.2020,1735.152,1735.152,1735.152,1735.152,0
23.05.2020,1735.152,1735.152,1735.152,1735.152,0
24.05.2020,1736.592,1738.962,1721.802,1729.422,29767124.89
25.05.2020,1729.912,1735.962,1709.042,1711.202,65256545.25
26.05.2020,1713.222,1716.152,1694.112,1709.962,70702614.84
27.05.2020,1712.152,1727.892,1708.055,1718.672,69411049.96
28.05.2020,1720.062,1738.082,1713.165,1730.622,67081939.7
29.05.2020,1730.622,1730.622,1730.622,1730.622,0
30.05.2020,1730.622,1730.622,1730.622,1730.622,0
31.05.2020,1738.532,1744.982,1727.772,1740.172,67918510.08
01.06.2020,1739.582,1745.415,1721.792,1728.342,63670874.18
02.06.2020,1727.752,1732.762,1689.812,1699.505,80221547.31
03.06.2020,1706.442,1722.112,1697.622,1714.652,86363975.47
04.06.2020,1715.562,1717.162,1670.955,1686.405,83654140.11
05.06.2020,1686.405,1686.405,1686.405,1686.405,0
06.06.2020,1686.405,1686.405,1686.405,1686.405,0
07.06.2020,1686.132,1700.922,1678.145,1699.092,68540279.39
08.06.2020,1700.142,1721.075,1692.565,1715.302,75688869.18
09.06.2020,1714.582,1740.052,1708.392,1739.232,69232175.71
10.06.2020,1738.602,1744.975,1721.962,1727.435,76256447.49
11.06.2020,1728.842,1743.195,1722.735,1731.452,69852429.57
12.06.2020,1731.452,1731.452,1731.452,1731.452,0
13.06.2020,1731.452,1731.452,1731.452,1731.452,0
14.06.2020,1733.842,1736.762,1704.312,1725.692,81249770.28
15.06.2020,1726.442,1733.082,1716.862,1727.092,78143426.3
16.06.2020,1728.902,1730.422,1713.162,1727.582,61875612.44
17.06.2020,1732,1738.132,1717.912,1723.512,60036789.72
18.06.2020,1729,1745.612,1722.002,1744.972,63609248.34
19.06.2020,1744.972,1744.972,1744.972,1744.972,0
20.06.2020,1744.972,1744.972,1744.972,1744.972,0
21.06.2020,1752.592,1763.355,1743.122,1755.122,98820340.87
22.06.2020,1755.762,1771.445,1747.672,1769.122,78547315.66
23.06.2020,1769.342,1779.635,1760.942,1761.732,79430060.15
24.06.2020,1762.562,1769.212,1755.102,1764.132,68858714.22
25.06.2020,1764.562,1772.16,1747.562,1772.042,62524334.67
26.06.2020,1772.042,1772.042,1772.042,1772.042,0
27.06.2020,1772.042,1772.042,1772.042,1772.042,0
28.06.2020,1776.012,1776.822,1766.032,1773.195,58344285.43
29.06.2020,1773.742,1786.282,1764.902,1781.345,73042874.1
30.06.2020,1782.462,1789.535,1759.542,1770.612,56737897.16
01.07.2020,1771.142,1779.975,1758.042,1776.002,59031811.18
02.07.2020,1776.632,1777.652,1773.032,1775.312,23485122.83
03.07.2020,1775.312,1775.312,1775.312,1775.312,0
04.07.2020,1775.312,1775.312,1775.312,1775.312,0
05.07.2020,1777.132,1787.432,1770.412,1785.262,51029338.48
06.07.2020,1784.602,1797.602,1774.082,1795.342,63593204.8
07.07.2020,1796.422,1818.405,1791.852,1809.552,54089208.84
08.07.2020,1809.552,1816.212,1795.802,1804.122,61604944.56
09.07.2020,1803.662,1810.872,1794.402,1799.352,49697994.77
10.07.2020,1799.352,1799.352,1799.352,1799.352,0
11.07.2020,1799.352,1799.352,1799.352,1799.352,0
12.07.2020,1799.852,1813.762,1798.512,1803.412,56824149.49
13.07.2020,1803.972,1811.232,1790.892,1809.765,64661325.19
14.07.2020,1809.032,1815.152,1802.805,1810.692,57676310.36
15.07.2020,1810.522,1813.665,1795.192,1797.782,45441980.18
16.07.2020,1798.082,1812.212,1796.195,1810.792,44043695.03
17.07.2020,1810.792,1810.792,1810.792,1810.792,0
18.07.2020,1810.792,1810.792,1810.792,1810.792,0
19.07.2020,1810.342,1820.735,1806.095,1817.925,60133455.34
20.07.2020,1819.242,1843.712,1816.102,1842.115,67477081.3
21.07.2020,1841.802,1872.502,1841.502,1872.102,92732593.77
22.07.2020,1873.212,1898.552,1863.932,1888.032,97654074.31
23.07.2020,1888.012,1906.892,1881.852,1902.212,75458280.62
24.07.2020,1902.212,1902.212,1902.212,1902.212,0
25.07.2020,1902.212,1902.212,1902.212,1902.212,0
26.07.2020,1903.742,1945.825,1900.632,1942.792,107162525.9
27.07.2020,1943.312,1981.612,1907.512,1959.722,123523428.6
28.07.2020,1958.782,1981.112,1941.895,1971.322,84575388.13
29.07.2020,1971.622,1972.422,1939.702,1957.292,93926333.31
30.07.2020,1958.162,1986.002,1955.672,1977.152,95502233.74
31.07.2020,1977.152,1977.152,1977.152,1977.152,0
01.08.2020,1977.152,1977.152,1977.152,1977.152,0
02.08.2020,1980.562,1992.102,1960.882,1977.562,82671944.38
03.08.2020,1978.362,2020.292,1967.262,2020.132,76946547.98
04.08.2020,2019.872,2056.102,2009.842,2038.832,94799955.96
05.08.2020,2039.412,2070.035,2034.965,2064.162,85113585
06.08.2020,2065.272,2075.925,2015.815,2035.752,105314922.2
07.08.2020,2035.752,2035.752,2035.752,2035.752,0
08.08.2020,2035.752,2035.752,2035.752,2035.752,0
09.08.2020,2034.612,2050.032,2019.402,2028.072,79719639.66
10.08.2020,2029.562,2030.332,1901.912,1912.682,122420607.9
11.08.2020,1912.382,1949.765,1863.502,1917.042,125290251.9
12.08.2020,1918.062,1966.352,1913.312,1954.262,104872020.8
13.08.2020,1955.162,1962.545,1932.542,1945.262,86027331.95
14.08.2020,1945.262,1945.262,1945.262,1945.262,0
15.08.2020,1945.262,1945.262,1945.262,1945.262,0
16.08.2020,1951.672,1990.972,1930.085,1985.732,90781925.62
17.08.2020,1985.682,2015.895,1976.365,2003.002,95254429.7
18.08.2020,2003.392,2007.022,1925.122,1929.572,100906493.2
19.08.2020,1929.862,1955.695,1924.952,1947.632,109510273.6
20.08.2020,1948.292,1956.315,1911.922,1941.212,98644090.24
21.08.2020,1941.212,1941.212,1941.212,1941.212,0
22.08.2020,1941.212,1941.212,1941.212,1941.212,0
23.08.2020,1941.942,1962.232,1924.115,1929.442,80275034.9
24.08.2020,1929.362,1937.972,1914.572,1928.692,81426025.27
25.08.2020,1931.272,1955.142,1903.045,1954.905,86044761.48
26.08.2020,1956.712,1977.345,1910.242,1929.972,95090509.41
27.08.2020,1931.152,1974.145,1923.485,1965.532,94615190.15
28.08.2020,1965.532,1965.532,1965.532,1965.532,0
29.08.2020,1965.532,1965.532,1965.532,1965.532,0
30.08.2020,1966.122,1977.052,1954.645,1968.162,79996190.37
31.08.2020,1968.462,1992.682,1963.312,1970.762,85489730.06
01.09.2020,1970.742,1973.645,1932.902,1943.352,83137434.9
02.09.2020,1943.512,1951.422,1922.287,1931.412,91990375.46
03.09.2020,1933.402,1949.942,1916.722,1934.752,82577420.29
04.09.2020,1934.752,1934.752,1934.752,1934.752,0
05.09.2020,1934.752,1934.752,1934.752,1934.752,0
06.09.2020,1932.412,1941.775,1924.782,1928.912,33296495.23
07.09.2020,1930.502,1941.142,1906.935,1932.192,67041815.16
08.09.2020,1933.162,1951.152,1920.412,1947.032,52406110.26
09.09.2020,1946.832,1966.825,1941.552,1946.602,62554244.58
10.09.2020,1946.182,1954.975,1937.542,1941.432,64375750.24
11.09.2020,1941.432,1941.432,1941.432,1941.432,0
12.09.2020,1941.432,1941.432,1941.432,1941.432,0
13.09.2020,1941.782,1962.815,1937.575,1957.122,49988425.02
14.09.2020,1957.862,1972.542,1948.605,1954.402,55712917.78
15.09.2020,1954.152,1973.762,1950.222,1959.512,58584145.25
16.09.2020,1960.292,1961.112,1933.132,1944.322,67954969.7
17.09.2020,1943.982,1960.282,1943.982,1951.142,56076830
18.09.2020,1951.142,1951.142,1951.142,1951.142,0
19.09.2020,1951.142,1951.142,1951.142,1951.142,0
20.09.2020,1951.132,1955.835,1882.922,1912.672,82174940.82
21.09.2020,1913.542,1920.272,1894.872,1900.462,75686575.11
22.09.2020,1901.022,1905.672,1856.102,1863.732,89200310.47
23.09.2020,1864.462,1877.225,1848.917,1868.292,94863686.8
24.09.2020,1869.412,1875.392,1852.562,1862.072,74349604.37
25.09.2020,1862.072,1862.072,1862.072,1862.072,0
26.09.2020,1862.072,1862.072,1862.072,1862.072,0
27.09.2020,1861.352,1883.322,1848.872,1881.732,64951330.42
28.09.2020,1881.952,1899.335,1875.772,1898.462,66163685.62
29.09.2020,1899.172,1902.575,1881.542,1886.192,70389014.9
30.09.2020,1886.512,1912.29,1885.012,1906.472,65680944.8
01.10.2020,1906.102,1917.392,1890.052,1900.262,62412320.29
02.10.2020,1900.262,1900.262,1900.262,1900.262,0
03.10.2020,1900.262,1900.262,1900.262,1900.262,0
04.10.2020,1905.362,1919.022,1887.242,1913.642,52970434.49
05.10.2020,1913.762,1921.405,1875.242,1878.622,56181525.71
06.10.2020,1879.512,1898.122,1873.222,1887.532,57053074.99
07.10.2020,1887.822,1900.882,1882.192,1894.152,47985235.36
08.10.2020,1894.712,1930.922,1894.012,1930.772,57803465.01
09.10.2020,1930.772,1930.772,1930.772,1930.772,0
10.10.2020,1930.772,1930.772,1930.772,1930.772,0
11.10.2020,1929.162,1933.562,1918.525,1923.022,58317090.72
12.10.2020,1923.082,1925.782,1886.732,1891.682,63375579.77
13.10.2020,1893.962,1913.172,1882.692,1902.182,58104380.25
14.10.2020,1902.702,1909.282,1889.862,1908.942,65070033.43
15.10.2020,1909.402,1914.215,1898.082,1899.902,46008819.76
16.10.2020,1899.902,1899.902,1899.902,1899.902,0
17.10.2020,1899.902,1899.902,1899.902,1899.902,0
18.10.2020,1900.132,1918.832,1897.345,1904.562,51059325.55
19.10.2020,1904.622,1914.375,1894.935,1907.002,48254586.01
20.10.2020,1909.232,1931.675,1908.792,1924.732,52782672.23
21.10.2020,1925.182,1926.122,1894.55,1904.382,49943624.76
22.10.2020,1904.692,1914.472,1894.652,1902.712,46958737.79
23.10.2020,1902.712,1902.712,1902.712,1902.712,0
24.10.2020,1902.712,1902.712,1902.712,1902.712,0
25.10.2020,1903.802,1908.862,1891.672,1902.532,55042089.76
26.10.2020,1902.712,1911.702,1898.115,1908.422,47950130.31
27.10.2020,1908.962,1911.172,1869.752,1877.462,63038499.95
28.10.2020,1877.452,1885.235,1860.132,1868.262,65075174.63
29.10.2020,1868.022,1890.025,1864.652,1879.512,68435945.45
30.10.2020,1879.512,1879.512,1879.512,1879.512,0
31.10.2020,1879.512,1879.512,1879.512,1879.512,0
01.11.2020,1877.338,1896.285,1873.725,1895.602,66594349.74
02.11.2020,1895.742,1910.762,1887.342,1909.532,50316484.99
03.11.2020,1909.932,1916.722,1882.432,1903.302,73693804.5
04.11.2020,1903.762,1952.992,1902.752,1950.122,77547874.45
05.11.2020,1949.282,1960.645,1935.742,1952.002,69226790.19
06.11.2020,1952.002,1952.002,1952.002,1952.002,0
07.11.2020,1952.002,1952.002,1952.002,1952.002,0
08.11.2020,1955.292,1965.822,1850.782,1863.822,91513644.34
09.11.2020,1865.272,1890.652,1860.802,1877.762,77712575.91
10.11.2020,1877.722,1884.772,1856.635,1865.952,56070565.46
11.11.2020,1869.352,1884.072,1862.962,1877.542,61036430.12
12.11.2020,1877.512,1897.122,1874.182,1890.592,50390299.92
13.11.2020,1890.592,1890.592,1890.592,1890.592,0
14.11.2020,1890.592,1890.592,1890.592,1890.592,0
15.11.2020,1893.362,1899.312,1864.939,1889.095,58774434.86
16.11.2020,1890.313,1893.735,1877.162,1880.612,49983445.05
17.11.2020,1882.62,1885.145,1864.148,1872.742,51967610.24
18.11.2020,1873.592,1874.442,1852.891,1866.472,55640040.28
19.11.2020,1867.112,1880.032,1861.195,1871.502,48826900.78
20.11.2020,1871.502,1871.502,1871.502,1871.502,0
21.11.2020,1871.502,1871.502,1871.502,1871.502,0
22.11.2020,1871.757,1876.355,1831.207,1838.272,55708768.87
23.11.2020,1838.848,1839.352,1800.455,1808.022,67879414.92
24.11.2020,1808.332,1817.965,1801.902,1808.402,49292656.9
25.11.2020,1808.382,1818.572,1806.132,1810.842,30556855.02
26.11.2020,1810.696,1814.085,1774.632,1787.851,46176275.88
27.11.2020,1787.851,1787.851,1787.851,1787.851,0
28.11.2020,1787.851,1787.851,1787.851,1787.851,0
29.11.2020,1787.655,1790.302,1764.802,1777.342,61353875.7
30.11.2020,1777.909,1817.515,1776.042,1815.572,53902238.07
01.12.2020,1815.652,1832.802,1807.832,1831.282,51166675.15
02.12.2020,1831.362,1844.185,1823.932,1841.462,52229384.87
03.12.2020,1842.066,1848.412,1829.482,1839.402,44280664.5
04.12.2020,1839.402,1839.402,1839.402,1839.402,0
05.12.2020,1839.402,1839.402,1839.402,1839.402,0
06.12.2020,1839.032,1868.822,1822.586,1863.052,48312416.49
07.12.2020,1862.676,1875.572,1860.552,1870.882,41570638.87
08.12.2020,1871.262,1871.592,1825.762,1839.982,54989092.74
09.12.2020,1840.042,1850.275,1828.972,1837.132,50125879.79
10.12.2020,1837.072,1847.946,1824.392,1840.342,43441277.71
11.12.2020,1840.342,1840.342,1840.342,1840.342,0
12.12.2020,1840.342,1840.342,1840.342,1840.342,0
13.12.2020,1841.092,1841.822,1819.39,1827.522,43511318.95
14.12.2020,1828.222,1855.681,1825.745,1853.672,43904087.6
15.12.2020,1854.226,1865.925,1845.097,1864.852,73548099.71
16.12.2020,1864.832,1896.502,1862.295,1885.675,54237750.11
17.12.2020,1886.392,1889.952,1877.635,1882.272,42894195.14
18.12.2020,1882.272,1882.272,1882.272,1882.272,0
19.12.2020,1882.272,1882.272,1882.272,1882.272,0
20.12.2020,1884.995,1907.052,1855.575,1877.402,72486254.75
21.12.2020,1878.645,1884.452,1859.102,1860.532,53859914.57
22.12.2020,1861.032,1878.782,1857.395,1873.402,55610480.25
23.12.2020,1873.982,1884.062,1869.765,1880.045,31876700.22
24.12.2020,1880.045,1880.045,1880.045,1880.045,0
25.12.2020,1880.045,1880.045,1880.045,1880.045,0
26.12.2020,1880.045,1880.045,1880.045,1880.045,0
27.12.2020,1883.202,1900.445,1869.612,1874.122,42502999.9
28.12.2020,1874.482,1886.675,1872.002,1878.762,42321444.9
29.12.2020,1878.96,1895.002,1876.422,1894.642,34091440.14
30.12.2020,1895.882,1901.102,1885.752,1899.065,38295034.17
31.12.2020,1899.065,1899.065,1899.065,1899.065,0
01.01.2021,1899.065,1899.065,1899.065,1899.065,0
02.01.2021,1899.065,1899.065,1899.065,1899.065,0
03.01.2021,1905.366,1944.752,1904.212,1943.232,61642673.05
04.01.2021,1943.082,1953.171,1934.622,1950.412,52443488.93
05.01.2021,1951.432,1959.632,1901.192,1919.222,70884000.66
06.01.2021,1920.104,1927.942,1907.122,1914.552,57357305.32
07.01.2021,1915.472,1917.795,1828.572,1850.072,71275770.52
08.01.2021,1850.072,1850.072,1850.072,1850.072,0
09.01.2021,1850.072,1850.072,1850.072,1850.072,0
10.01.2021,1849.838,1857.232,1817.422,1843.782,71528021.4
11.01.2021,1845.472,1864.078,1837.052,1855.032,58085300.39
12.01.2021,1855.802,1863.275,1842.248,1845.482,48049494.09
13.01.2021,1846.468,1857.782,1829.822,1846.712,55239435.67
14.01.2021,1847.002,1857.165,1823.602,1829.112,50677011.49
15.01.2021,1829.112,1829.112,1829.112,1829.112,0
16.01.2021,1829.112,1829.112,1829.112,1829.112,0
17.01.2021,1829.022,1841.072,1803.966,1837.907,46824520.71
18.01.2021,1838.592,1845.755,1833.408,1841.265,49884704.83
19.01.2021,1840.688,1872.705,1832.738,1872.325,74150037.41
20.01.2021,1871.948,1875.309,1858.559,1871.075,65579894.96
21.01.2021,1870.833,1871.139,1837.629,1856.502,75749627.47
22.01.2021,1856.502,1856.502,1856.502,1856.502,0
23.01.2021,1856.502,1856.502,1856.502,1856.502,0
24.01.2021,1855.993,1868.105,1847.398,1856.325,74472160.76
25.01.2021,1856.593,1862.015,1848.725,1851.762,57160359.98
26.01.2021,1851.732,1853.428,1831.631,1844.552,72521394.64
27.01.2021,1845.428,1864.375,1834.299,1843.445,87587800.15
28.01.2021,1842.902,1875.928,1839.865,1848.202,100943960.7
29.01.2021,1848.202,1848.202,1848.202,1848.202,0
30.01.2021,1848.202,1848.202,1848.202,1848.202,0
31.01.2021,1864.023,1872.185,1849.505,1861.252,117959823.7
01.02.2021,1861.602,1864.386,1829.768,1838.585,93369970.86
02.02.2021,1838.773,1845.102,1829.943,1834.572,73096817.14
03.02.2021,1834.752,1835.045,1785.218,1794.975,84797384.5
04.02.2021,1795.031,1815.355,1792.465,1815.052,68949839.83
05.02.2021,1815.052,1815.052,1815.052,1815.052,0
06.02.2021,1815.052,1815.052,1815.052,1815.052,0
07.02.2021,1818.072,1839.425,1808.102,1831.145,64808954.48
08.02.2021,1831.437,1848.805,1829.235,1839.005,68449010.31
09.02.2021,1838.472,1855.715,1834.375,1843.575,72979302.17
10.02.2021,1843.842,1847.795,1821.365,1825.995,54511098.62
11.02.2021,1825.721,1831.098,1810.788,1825.152,53302538.19
12.02.2021,1825.152,1825.152,1825.152,1825.152,0
13.02.2021,1825.152,1825.152,1825.152,1825.152,0
14.02.2021,1826.242,1827.322,1816.295,1818.768,34871980.01
15.02.2021,1819.855,1826.818,1789.766,1795.385,69927059.83
16.02.2021,1795.722,1795.722,1769.694,1776.482,68116131.13
17.02.2021,1777.412,1789.962,1768.684,1776.202,64782070.1
18.02.2021,1776.775,1791.954,1760.974,1784.882,76472538.08
19.02.2021,1784.882,1784.882,1784.882,1784.882,0
20.02.2021,1784.882,1784.882,1784.882,1784.882,0
21.02.2021,1783.182,1812.925,1780.994,1810.102,75787241.7
22.02.2021,1810.954,1816.305,1795.97,1806.242,70779406.85
23.02.2021,1806.412,1814.141,1783.8,1805.175,82469594.6
24.02.2021,1806.103,1806.242,1765.805,1770.792,104976983.2
25.02.2021,1770.832,1776.115,1717.445,1734.712,107445213.4
26.02.2021,1734.712,1734.712,1734.712,1734.712,0
27.02.2021,1734.712,1734.712,1734.712,1734.712,0
28.02.2021,1733.625,1760.125,1719.905,1725.802,85870489
01.03.2021,1725.795,1739.364,1707.524,1739.055,88947896.6
02.03.2021,1738.357,1740.944,1702.197,1711.535,80498689.23
03.03.2021,1710.878,1723.497,1690.783,1697.962,100817142.4
04.03.2021,1698.132,1707.886,1687.569,1700.582,83413434.74
05.03.2021,1700.582,1700.582,1700.582,1700.582,0
06.03.2021,1700.582,1700.582,1700.582,1700.582,0
07.03.2021,1703.646,1714.522,1677.031,1684.042,78995181.92
08.03.2021,1683.829,1720.905,1680.476,1716.285,85520619.69
09.03.2021,1716.852,1727.085,1708.422,1727.035,73289875.15
10.03.2021,1727.266,1740.095,1719.522,1723.022,73432139.28
11.03.2021,1722.392,1729.934,1699.466,1728.212,80567607.58
12.03.2021,1728.212,1728.212,1728.212,1728.212,0
13.03.2021,1728.212,1728.212,1728.212,1728.212,0
14.03.2021,1727.662,1734.826,1721.835,1731.962,70415004.67
15.03.2021,1732.256,1741.365,1726.472,1731.822,59240694.76
16.03.2021,1732.262,1751.952,1724.232,1745.682,75852564.75
17.03.2021,1745.466,1755.725,1719.486,1736.792,80034534.87
18.03.2021,1736.336,1746.995,1728.765,1745.802,83755530.24
19.03.2021,1745.802,1745.802,1745.802,1745.802,0
20.03.2021,1745.802,1745.802,1745.802,1745.802,0
21.03.2021,1746.581,1747.384,1727.582,1739.332,74770515.08
22.03.2021,1739.364,1742.762,1724.922,1727.282,75080390.04
23.03.2021,1727.972,1738.675,1724.022,1734.762,66763305.54
24.03.2021,1734.724,1745.682,1722.036,1727.382,76513989.99
25.03.2021,1727.682,1736.962,1721.852,1734.062,66065795.12
26.03.2021,1734.062,1734.062,1734.062,1734.062,0
27.03.2021,1734.062,1734.062,1734.062,1734.062,0
28.03.2021,1732.172,1733.502,1705.932,1712.652,62113835.1
29.03.2021,1713.462,1714.635,1678.982,1685.342,77649959.86
30.03.2021,1686.25,1715.502,1678.145,1708.082,73335719.35
31.03.2021,1708.002,1730.952,1706.012,1729.742,67273534.54
01.04.2021,1729.742,1729.742,1729.742,1729.742,0
02.04.2021,1729.742,1729.742,1729.742,1729.742,0
03.04.2021,1729.742,1729.742,1729.742,1729.742,0
04.04.2021,1729.171,1733.792,1721.525,1728.635,46206308.66
05.04.2021,1729.102,1745.592,1727.502,1743.492,60927014.83
06.04.2021,1743.471,1744.575,1730.892,1738.102,55795935.03
07.04.2021,1738.412,1758.912,1733.412,1756.122,56864731.13
08.04.2021,1756.085,1757.592,1731.422,1744.322,61489156.25
09.04.2021,1744.322,1744.322,1744.322,1744.322,0
10.04.2021,1744.322,1744.322,1744.322,1744.322,0
11.04.2021,1745.056,1745.245,1727.691,1733.142,60606600.46
12.04.2021,1732.902,1749.125,1723.972,1745.695,68804948.81
13.04.2021,1745.354,1749.602,1732.802,1736.842,63550305.19
14.04.2021,1736.902,1769.822,1734.572,1764.175,71496940.37
15.04.2021,1764.432,1784.032,1759.945,1777.052,69038175.02
16.04.2021,1777.052,1777.052,1777.052,1777.052,0
17.04.2021,1777.052,1777.052,1777.052,1777.052,0
18.04.2021,1778.575,1790.322,1767.002,1771.822,76290876.92
19.04.2021,1771.323,1780.662,1763.862,1779.102,72323644.58
20.04.2021,1779.693,1797.872,1776.492,1793.975,69237710.3
21.04.2021,1794.707,1798.082,1777.632,1784.422,78175409.23
22.04.2021,1784.772,1796.152,1770.176,1777.862,69422725.02
23.04.2021,1777.862,1777.862,1777.862,1777.862,0
24.04.2021,1777.862,1777.862,1777.862,1777.862,0
25.04.2021,1776.818,1783.692,1769.002,1781.795,69894385.22
26.04.2021,1781.782,1785.822,1773.942,1777.192,65003594.22
27.04.2021,1776.732,1782.792,1762.952,1782.212,75038544.71
28.04.2021,1782.162,1790.195,1756.352,1772.852,79428050.16
29.04.2021,1772.753,1773.885,1764.462,1769.492,77288884.64
30.04.2021,1769.492,1769.492,1769.492,1769.492,0
01.05.2021,1769.492,1769.492,1769.492,1769.492,0
02.05.2021,1769.252,1798.132,1766.342,1793.415,68282364.67
03.05.2021,1793.712,1799.295,1771.052,1779.492,80919164.78
04.05.2021,1779.582,1788.245,1770.552,1787.372,71430750.37
05.05.2021,1786.962,1818.273,1782.252,1815.742,81217505.4
06.05.2021,1815.453,1843.642,1813.084,1831.912,94774021.89
07.05.2021,1831.912,1831.912,1831.912,1831.912,0
08.05.2021,1831.912,1831.912,1831.912,1831.912,0
09.05.2021,1835.475,1845.632,1830.202,1836.415,99231400.25
10.05.2021,1836.684,1842.055,1818.202,1837.932,94498100.58
11.05.2021,1837.632,1843.925,1813.582,1815.845,102639385.9
12.05.2021,1818.462,1829.032,1808.972,1827.132,115850330.7
13.05.2021,1827.104,1846.302,1820.022,1843.762,89684582.23
14.05.2021,1843.762,1843.762,1843.762,1843.762,0
15.05.2021,1843.762,1843.762,1843.762,1843.762,0
16.05.2021,1845.662,1868.682,1841.222,1867.312,82534659.06
17.05.2021,1866.944,1875.245,1863.495,1869.722,58574149.97
18.05.2021,1871.112,1890.365,1852.442,1870.035,65110847
19.05.2021,1870.602,1884.155,1864.152,1877.582,53967077.85
20.05.2021,1878.052,1889.565,1870.365,1881.602,49700134.81
21.05.2021,1881.602,1881.602,1881.602,1881.602,0
22.05.2021,1881.602,1881.602,1881.602,1881.602,0
23.05.2021,1883.122,1887.235,1875.432,1881.402,54966600.06
24.05.2021,1881.496,1900.502,1872.915,1899.312,74367160.02
25.05.2021,1900.042,1912.955,1890.925,1897.082,77864794.25
26.05.2021,1897.002,1903.945,1888.472,1896.982,72133849.71
27.05.2021,1897.562,1906.292,1882.532,1904.452,59026716.98
28.05.2021,1904.452,1904.452,1904.452,1904.452,0
29.05.2021,1904.452,1904.452,1904.452,1904.452,0
30.05.2021,1905.262,1910.882,1902.335,1906.982,32296941.91
31.05.2021,1907.992,1916.762,1892.632,1900.732,57854480.5
01.06.2021,1901.372,1909.275,1894.635,1908.715,52807876.47
02.06.2021,1908.052,1909.835,1865.492,1870.925,69177768.02
03.06.2021,1871.002,1896.452,1856.146,1892.242,65309117.17
04.06.2021,1892.242,1892.242,1892.242,1892.242,0
05.06.2021,1892.242,1892.242,1892.242,1892.242,0
06.06.2021,1892.078,1900.325,1881.722,1899.602,55981012.52
07.06.2021,1899.777,1903.962,1883.952,1893.195,58726815.64
08.06.2021,1892.452,1899.162,1887.572,1888.952,56015240.64
09.06.2021,1889.592,1900.182,1869.982,1898.712,67740780.56
10.06.2021,1898.962,1903.197,1874.666,1878.142,60387285.11
11.06.2021,1878.142,1878.142,1878.142,1878.142,0
12.06.2021,1878.142,1878.142,1878.142,1878.142,0
13.06.2021,1878.282,1878.692,1844.862,1866.732,60367207.65
14.06.2021,1866.972,1869.402,1851.782,1859.392,55932749.99
15.06.2021,1860.092,1864.132,1803.575,1812.392,61968711.97
16.06.2021,1812.176,1825.582,1767.392,1774.012,102634827.3
17.06.2021,1774.073,1797.502,1761.185,1764.782,83818051.28
18.06.2021,1764.782,1764.782,1764.782,1764.782,0
19.06.2021,1764.782,1764.782,1764.782,1764.782,0
20.06.2021,1764.722,1786.732,1764.542,1783.582,86484025.06
21.06.2021,1783.982,1790.412,1772.662,1779.272,57555904.69
22.06.2021,1779.482,1795.182,1773.502,1779.532,45757004.86
23.06.2021,1779.992,1788.233,1773.012,1775.732,33580790.04
24.06.2021,1776.432,1790.642,1773.912,1782.122,31913688.06
25.06.2021,1782.122,1782.122,1782.122,1782.122,0
26.06.2021,1782.122,1782.122,1782.122,1782.122,0
27.06.2021,1785.112,1786.002,1770.902,1778.852,37953660.07
28.06.2021,1779.372,1779.372,1751.017,1761.772,38298649.88
29.06.2021,1761.802,1774.722,1753.532,1770.502,33913134.99
30.06.2021,1771.162,1783.052,1765.942,1777.202,36124969.87
01.07.2021,1777.532,1795.302,1774.545,1788.092,33873355.33
02.07.2021,1788.092,1788.092,1788.092,1788.092,0
03.07.2021,1788.092,1788.092,1788.092,1788.092,0
04.07.2021,1788.593,1795.372,1784.752,1792.324,18082530.02
05.07.2021,1792.352,1815.195,1790.352,1797.512,34827050.24
06.07.2021,1797.774,1810.072,1794.172,1804.052,32603234.95
07.07.2021,1803.902,1818.682,1794.582,1803.312,39873545.83
08.07.2021,1803.942,1812.643,1796.872,1808.852,30825355.08
09.07.2021,1808.852,1808.852,1808.852,1808.852,0
10.07.2021,1808.852,1808.852,1808.852,1808.852,0
11.07.2021,1808.422,1811.052,1791.812,1806.722,33710389.82
12.07.2021,1806.572,1817.422,1798.952,1808.182,32671804.7
13.07.2021,1809.083,1830.052,1804.832,1827.552,36739914.18
14.07.2021,1827.712,1834.395,1820.552,1829.972,32716720.02
15.07.2021,1830.434,1832.264,1809.225,1812.932,33776624.95
16.07.2021,1812.932,1812.932,1812.932,1812.932,0
17.07.2021,1812.932,1812.932,1812.932,1812.932,0
18.07.2021,1812.862,1817.582,1795.292,1813.102,47619925.2
19.07.2021,1813.562,1825.245,1805.392,1810.942,38479476.18
20.07.2021,1811.102,1814.052,1794.902,1804.122,34302420.12
21.07.2021,1804.652,1808.282,1793.043,1807.272,35500916.24
22.07.2021,1807.652,1810.562,1789.952,1802.752,29078524.99
23.07.2021,1802.752,1802.752,1802.752,1802.752,0
24.07.2021,1802.752,1802.752,1802.752,1802.752,0
25.07.2021,1803.408,1811.762,1796.602,1797.982,37170654.65
26.07.2021,1798.192,1805.432,1793.882,1799.512,32901559.92
27.07.2021,1799.603,1810.135,1792.901,1808.012,33529860.29
28.07.2021,1808.242,1832.872,1807.142,1828.722,32191618.8
29.07.2021,1829.262,1831.632,1810.492,1814.622,30673564.93
30.07.2021,1814.622,1814.622,1814.622,1814.622,0
31.07.2021,1814.622,1814.622,1814.622,1814.622,0
01.08.2021,1815.334,1819.782,1806.042,1813.952,33325104.98
02.08.2021,1814.442,1815.272,1807.354,1810.982,25187255.92
03.08.2021,1811.654,1831.962,1806.682,1812.122,32186920.08
04.08.2021,1812.762,1815.122,1798.002,1804.832,28639019.97
05.08.2021,1805.442,1805.442,1758.902,1763.822,40433076.84
06.08.2021,1763.822,1763.822,1763.822,1763.822,0
07.08.2021,1763.822,1763.822,1763.822,1763.822,0
08.08.2021,1763.873,1765.052,1675.712,1730.312,48206386.15
09.08.2021,1730.492,1738.512,1717.962,1729.162,34066315.38
10.08.2021,1729.432,1754.702,1724.341,1751.992,33744164.76
11.08.2021,1752.442,1758.345,1741.862,1753.082,29890195.16
12.08.2021,1753.522,1780.502,1751.812,1780.502,26106164.93
13.08.2021,1780.502,1780.502,1780.502,1780.502,0
14.08.2021,1780.502,1780.502,1780.502,1780.502,0
15.08.2021,1779.173,1789.562,1771.112,1787.922,33880499.99
16.08.2021,1787.962,1795.722,1780.832,1786.652,33772900.16
17.08.2021,1786.792,1794.035,1777.562,1788.402,30626610.07
18.08.2021,1788.852,1792.695,1774.742,1780.792,34172906.64
19.08.2021,1781.042,1788.675,1778.605,1781.672,30568415.19
20.08.2021,1781.672,1781.672,1781.672,1781.672,0
21.08.2021,1781.672,1781.672,1781.672,1781.672,0
22.08.2021,1781.236,1806.635,1776.782,1805.802,36755501.99
23.08.2021,1805.892,1809.771,1800.972,1803.392,27005077.94
24.08.2021,1803.972,1803.972,1782.802,1791.442,30358792.16
25.08.2021,1791.982,1798.432,1780.305,1793.022,27409175.11
26.08.2021,1793.102,1819.435,1784.672,1818.032,32442651.88
27.08.2021,1818.032,1818.032,1818.032,1818.032,0
28.08.2021,1818.032,1818.032,1818.032,1818.032,0
29.08.2021,1819.002,1823.402,1807.982,1810.772,23328731.06
30.08.2021,1810.802,1819.405,1801.852,1814.092,27689706.88
31.08.2021,1814.172,1820.215,1808.882,1814.412,25958244
01.09.2021,1814.982,1817.342,1805.132,1810.012,21864966.02
02.09.2021,1809.852,1834.166,1809.246,1828.392,34754086.21
03.09.2021,1828.392,1828.392,1828.392,1828.392,0
04.09.2021,1828.392,1828.392,1828.392,1828.392,0
05.09.2021,1830.332,1830.582,1821.593,1823.549,13122286.05
06.09.2021,1824.012,1827.492,1792.572,1794.882,29822725.01
07.09.2021,1794.816,1802.352,1782.582,1789.862,39845745.01
08.09.2021,1790.002,1801,1784.046,1795.142,31815975.93
09.09.2021,1795.416,1804.156,1787.352,1788.272,33520849.72
10.09.2021,1788.272,1788.272,1788.272,1788.272,0
11.09.2021,1788.272,1788.272,1788.272,1788.272,0
12.09.2021,1788.696,1798.519,1783.906,1794.252,35760155.05
13.09.2021,1794.792,1808.786,1781.117,1804.892,36000696.39
14.09.2021,1805.062,1807.027,1790.902,1794.492,34927529.84
15.09.2021,1795.012,1796.382,1745.472,1754.292,38291519.91
16.09.2021,1754.162,1767.716,1747.563,1755.512,37648804.99
17.09.2021,1755.512,1755.512,1755.512,1755.512,0
18.09.2021,1755.512,1755.512,1755.512,1755.512,0
19.09.2021,1755.162,1767.442,1742.352,1764.492,38363644.93
20.09.2021,1764.592,1781.983,1758.116,1774.732,31004409.94
21.09.2021,1775.262,1787.532,1764.896,1768.772,44771254.81
22.09.2021,1768.922,1776.846,1738.071,1743.342,46550540.33
23.09.2021,1743.582,1757.852,1740.643,1751.122,35239019.75
24.09.2021,1751.122,1751.122,1751.122,1751.122,0
25.09.2021,1751.122,1751.122,1751.122,1751.122,0
26.09.2021,1751.866,1761.096,1745.042,1750.532,42590010.4
27.09.2021,1751.422,1754.652,1728.322,1734.482,49393180.37
28.09.2021,1734.742,1745.712,1721.825,1726.722,48601329.09
29.09.2021,1726.932,1764.442,1722.452,1757.312,49915000.44
30.09.2021,1757.882,1764.482,1749.872,1761.502,49257299.78
01.10.2021,1761.502,1761.502,1761.502,1761.502,0
02.10.2021,1761.502,1761.502,1761.502,1761.502,0
03.10.2021,1762.515,1770.772,1747.955,1769.922,49853140.03
04.10.2021,1770.292,1770.542,1748.842,1760.582,46894364.66
05.10.2021,1761.082,1765.332,1746.092,1763.152,50145064.77
06.10.2021,1763.462,1767.165,1752.205,1756.362,40258037.78
07.10.2021,1756.372,1781.572,1753.582,1757.942,40047482.12
08.10.2021,1757.942,1757.942,1757.942,1757.942,0
09.10.2021,1757.942,1757.942,1757.942,1757.942,0
10.10.2021,1757.905,1761.235,1750.355,1754.562,36105869.89
11.10.2021,1755.122,1769.592,1750.985,1760.662,41432170.03
12.10.2021,1761.042,1796.349,1758.102,1793.462,45240545.12
13.10.2021,1793.512,1800.765,1786.926,1796.322,36450344.86
14.10.2021,1796.422,1796.706,1765.012,1768.262,40989475.19
15.10.2021,1768.262,1768.262,1768.262,1768.262,0
16.10.2021,1768.262,1768.262,1768.262,1768.262,0
17.10.2021,1767.787,1772.316,1760.476,1765.262,43611034.87
18.10.2021,1765.752,1785.326,1763.142,1769.682,43910595.09
19.10.2021,1769.962,1788.632,1767.096,1782.632,44054644.61
20.10.2021,1782.712,1789.652,1776.692,1783.552,44460139.9
21.10.2021,1783.512,1813.996,1783.076,1793.082,46515214.74
22.10.2021,1793.082,1793.082,1793.082,1793.082,0
23.10.2021,1793.082,1793.082,1793.082,1793.082,0
24.10.2021,1793.727,1810.232,1792.472,1808.212,47528440.36
25.10.2021,1809.072,1809.072,1782.586,1793.412,41097215.55
26.10.2021,1793.372,1799.262,1783.672,1797.432,40318295.21
27.10.2021,1797.266,1810.672,1792.526,1799.592,43731234.91
28.10.2021,1799.402,1801.442,1772.202,1784.022,54700554.79
29.10.2021,1784.022,1784.022,1784.022,1784.022,0
30.10.2021,1784.022,1784.022,1784.022,1784.022,0
31.10.2021,1784.102,1796.032,1779.302,1793.522,37106019.88
01.11.2021,1793.927,1796.606,1786.562,1787.992,30674604.83
02.11.2021,1788.282,1788.522,1759.032,1770.122,37896880.03
03.11.2021,1770.192,1799.172,1769.547,1792.442,41778135.09
04.11.2021,1792.982,1818.822,1785.302,1818.722,43601299.61
05.11.2021,1818.722,1818.722,1818.722,1818.722,0
06.11.2021,1818.722,1818.722,1818.722,1818.722,0
07.11.2021,1818.962,1826.627,1812.652,1824.672,35644695.28
08.11.2021,1825.107,1832.932,1819.397,1832.422,56973220.14
09.11.2021,1832.452,1868.842,1822.642,1850.102,45772800.45
10.11.2021,1850.106,1866.222,1843.126,1862.592,32722005.16
11.11.2021,1863.072,1868.962,1845.476,1865.252,37950664.76
12.11.2021,1865.252,1865.252,1865.252,1865.252,0
13.11.2021,1865.252,1865.252,1865.252,1865.252,0
14.11.2021,1869.772,1870.742,1856.602,1863.372,43075485.32
15.11.2021,1863.742,1877.362,1849.872,1851.052,42634960.26
16.11.2021,1851.142,1868.242,1849.842,1867.982,37298279.91
17.11.2021,1868.602,1871.112,1855.302,1859.302,40133680.28
18.11.2021,1860.126,1866.042,1843.236,1846.302,58211555.03
19.11.2021,1846.302,1846.302,1846.302,1846.302,0
20.11.2021,1846.302,1846.302,1846.302,1846.302,0
21.11.2021,1847.326,1849.322,1802.492,1805.152,47710330.13
22.11.2021,1807.656,1812.636,1782.185,1789.385,42672484.87
23.11.2021,1789.805,1796.692,1778.792,1788.982,37604714.78
24.11.2021,1790.055,1795.382,1786.322,1788.921,15161464.93
25.11.2021,1791.292,1815.812,1780.712,1793.055,38680415.09
26.11.2021,1793.055,1793.055,1793.055,1793.055,0
27.11.2021,1793.055,1793.055,1793.055,1793.055,0
28.11.2021,1792.325,1799.632,1780.722,1785.132,39051854.85
29.11.2021,1785.122,1809.002,1770.122,1775.002,54168540.66
30.11.2021,1776.555,1795.022,1772.485,1782.212,46473928.27
01.12.2021,1783.282,1783.632,1762.102,1769.272,40896520.08
02.12.2021,1768.842,1786.355,1766.362,1783.972,53028774.02
03.12.2021,1783.972,1783.972,1783.972,1783.972,0
04.12.2021,1783.972,1783.972,1783.972,1783.972,0
05.12.2021,1786.225,1787.862,1775.96,1779.262,45231475
06.12.2021,1779.355,1788.092,1772.43,1784.522,32291845.2
07.12.2021,1784.775,1793.372,1779.792,1783.482,33132809.94
08.12.2021,1784.132,1787.842,1773.541,1775.972,31898119.78
09.12.2021,1776.225,1789.665,1770.355,1783.342,33098674.8
10.12.2021,1783.342,1783.342,1783.342,1783.342,0
11.12.2021,1783.342,1783.342,1783.342,1783.342,0
12.12.2021,1783.935,1791.772,1782.005,1787.052,35398325.15
13.12.2021,1787.835,1789.752,1766.632,1771.422,34307335.38
14.12.2021,1771.975,1781.132,1753.575,1777.252,43097914.76
15.12.2021,1777.875,1799.995,1775.752,1799.782,43922944.61
16.12.2021,1800.132,1814.492,1795.965,1798.732,34157993.14
17.12.2021,1798.732,1798.732,1798.732,1798.732,0
18.12.2021,1798.732,1798.732,1798.732,1798.732,0
19.12.2021,1800.602,1804.382,1788.502,1791.042,40273264.83
20.12.2021,1791.855,1800.722,1785.091,1789.752,34159879.74
21.12.2021,1790.032,1805.292,1786.072,1804.062,29969787.9
22.12.2021,1804.682,1810.952,1799.045,1808.795,27774287.04
23.12.2021,1808.795,1808.795,1808.795,1808.795,0
24.12.2021,1808.795,1808.795,1808.795,1808.795,0
25.12.2021,1808.795,1808.795,1808.795,1808.795,0
26.12.2021,1809.856,1813.671,1803.235,1812.532,24795450.21
27.12.2021,1812.712,1820.446,1805.242,1806.492,23980635.11
28.12.2021,1807.112,1807.952,1789.672,1805.092,30568509.97
29.12.2021,1806.132,1817.395,1796.485,1815.132,24718114.91
30.12.2021,1815.425,1830.612,1814.982,1829.952,21302685.1
31.12.2021,1829.952,1829.952,1829.952,1829.952,0
01.01.2022,1829.952,1829.952,1829.952,1829.952,0
02.01.2022,1829.656,1832.076,1798.496,1801.942,35293234.94
03.01.2022,1802.356,1816.962,1798.615,1814.845,43660770.18
04.01.2022,1815.255,1829.872,1808.536,1811.162,40584862.95
05.01.2022,1811.482,1811.792,1786.592,1791.592,47514280.26
06.01.2022,1791.862,1798.842,1782.835,1796.942,41018824.96
07.01.2022,1796.942,1796.942,1796.942,1796.942,0
08.01.2022,1796.942,1796.942,1796.942,1796.942,0
09.01.2022,1795.945,1802.542,1790.602,1802.092,45112281.26
10.01.2022,1802.54,1823.472,1800.435,1821.932,42550813.14
11.01.2022,1822.662,1828.312,1814.922,1826.622,38067679.76
12.01.2022,1826.862,1828.402,1812.542,1822.992,37333025.4
13.01.2022,1822.936,1829.362,1814.846,1818.402,42671234.76
14.01.2022,1818.402,1818.402,1818.402,1818.402,0
15.01.2022,1818.402,1818.402,1818.402,1818.402,0
16.01.2022,1819.056,1823.402,1813.386,1819.376,19215224.83
17.01.2022,1819.846,1823.002,1805.991,1814.142,47071437.12
18.01.2022,1813.882,1843.562,1810.472,1840.952,49685128.12
19.01.2022,1841.042,1848.116,1836.162,1839.732,45555714.91
20.01.2022,1840.682,1843.436,1828.692,1836.162,48273050.13
21.01.2022,1836.162,1836.162,1836.162,1836.162,0
22.01.2022,1836.162,1836.162,1836.162,1836.162,0
23.01.2022,1835.531,1844.552,1829.942,1843.452,71987089.46
24.01.2022,1843.733,1854.052,1835.122,1848.412,58050889.79
25.01.2022,1849.066,1850.332,1815.152,1819.772,47075320.36
26.01.2022,1820.622,1822.302,1792.026,1797.892,53793310.4
27.01.2022,1798.205,1799.622,1780.482,1792.192,54649727.28
28.01.2022,1792.192,1792.192,1792.192,1792.192,0
29.01.2022,1792.192,1792.192,1792.192,1792.192,0
30.01.2022,1792.265,1800.082,1785.742,1797.192,44472540.08
31.01.2022,1799.055,1808.992,1796.002,1801.332,45398510.22
01.02.2022,1801.682,1811.002,1794.695,1807.212,41002949.6
02.02.2022,1807.802,1809.212,1788.832,1805.002,51793604.25
03.02.2022,1805.853,1815.132,1792.405,1808.492,59746670.57
04.02.2022,1808.492,1808.492,1808.492,1808.492,0
05.02.2022,1808.492,1808.492,1808.492,1808.492,0
06.02.2022,1808.788,1823.782,1807.196,1820.662,83657842.16
07.02.2022,1821.762,1828.982,1815.612,1826.152,55430389.23
08.02.2022,1826.456,1836.032,1824.902,1833.522,43989206.37
09.02.2022,1834.442,1842.152,1821.842,1827.032,60389400.01
10.02.2022,1827.546,1865.652,1821.152,1859.402,73069859.74
11.02.2022,1859.402,1859.402,1859.402,1859.402,0
12.02.2022,1859.402,1859.402,1859.402,1859.402,0
13.02.2022,1860.852,1874.322,1851.042,1871.322,74004915.77
14.02.2022,1871.886,1879.706,1844.822,1853.872,60135712.42
15.02.2022,1854.612,1872.766,1850.486,1869.922,53848920.4
16.02.2022,1871.422,1901.312,1868.042,1898.512,69092251.48
17.02.2022,1898.792,1902.655,1886.822,1899.172,57894620
18.02.2022,1899.172,1899.172,1899.172,1899.172,0
19.02.2022,1899.172,1899.172,1899.172,1899.172,0
20.02.2022,1901.452,1908.512,1887.852,1905.522,54325505.14
21.02.2022,1908.992,1914.542,1891.602,1898.602,74915863.75
22.02.2022,1899.212,1910.692,1889.824,1909.262,59982880.59
23.02.2022,1910.422,1974.653,1878.452,1904.272,108897394.5
24.02.2022,1904.252,1921.762,1883.112,1889.942,84873870.19
25.02.2022,1889.942,1889.942,1889.942,1889.942,0
26.02.2022,1889.942,1889.942,1889.942,1889.942,0
27.02.2022,1919.652,1932.402,1891.122,1909.202,86079530.12
28.02.2022,1909.302,1950.422,1901.652,1945.732,95652338.21
01.03.2022,1946.293,1948,1914.099,1929.392,72839491.13
02.03.2022,1930.349,1941.5,1922.302,1936.512,84253299.59
03.03.2022,1937.272,1971.582,1929.952,1971.552,97148719.97
04.03.2022,1971.552,1971.552,1971.552,1971.552,0
05.03.2022,1971.552,1971.552,1971.552,1971.552,0
06.03.2022,1975.718,2002.842,1961.251,1998.402,86032752.16
07.03.2022,1997.322,2070.778,1981.382,2050.412,92061804.47
08.03.2022,2050.862,2059.509,1976.452,1992.232,78772290.59
09.03.2022,1991.502,2009.382,1970.752,1997.822,57040743.77
10.03.2022,1996.466,1999.292,1958.902,1988.952,44292510.12
11.03.2022,1988.952,1988.952,1988.952,1988.952,0
12.03.2022,1988.952,1988.952,1988.952,1988.952,0
13.03.2022,1985.152,1990.778,1949.898,1951.242,46596364.8
14.03.2022,1953.095,1954.972,1907.272,1918.442,48073354.96
15.03.2022,1918.947,1929.787,1895.247,1928.032,42048457.44
16.03.2022,1927.767,1949.992,1923.652,1943.432,45033741.62
17.03.2022,1944.657,1945.602,1918.232,1921.902,38637238
18.03.2022,1921.902,1921.902,1921.902,1921.902,0
19.03.2022,1921.902,1921.902,1921.902,1921.902,0
20.03.2022,1922.482,1941.501,1918.212,1936.162,32321019.83
21.03.2022,1936.162,1938.692,1910.821,1922.172,34753479.27
22.03.2022,1922.462,1948.632,1915.732,1944.072,34089139.85
23.03.2022,1944.462,1966.312,1937.692,1958.182,38463499.46
24.03.2022,1958.397,1964.532,1943.452,1958.672,52785154.94
25.03.2022,1958.672,1958.672,1958.672,1958.672,0
26.03.2022,1958.672,1958.672,1958.672,1958.672,0
27.03.2022,1958.627,1959.852,1917.197,1923.372,57949489.89
28.03.2022,1923.972,1929.702,1890.447,1920.022,62249807.75
29.03.2022,1920.372,1938.806,1916.267,1933.362,46996939.93
30.03.2022,1933.562,1950.042,1919.532,1937.652,50066743.05
31.03.2022,1937.832,1939.782,1918.242,1926.242,44759134.98
01.04.2022,1926.242,1926.242,1926.242,1926.242,0
02.04.2022,1926.242,1926.242,1926.242,1926.242,0
